2004-01-02,
2004-01-05,0.007492425354804988
2004-01-06,0.0020233982011992335
2004-01-07,1.5895901046780736e-05
2004-01-08,0.0025055339802646515
2004-01-09,-6.806380902946163e-05
2004-01-12,0.0016639330553180898
2004-01-13,-0.0006070638864653644
2004-01-14,0.003442930371773567
2004-01-15,-0.00046489616471701023
2004-01-16,0.0009644738977825362
2004-01-20,0.0039695166471820365
2004-01-21,0.004527203942330749
2004-01-22,9.047376273341179e-05
2004-01-23,-0.004184422783963582
2004-01-26,0.0027520571513941494
2004-01-27,-0.0022940246165279454
2004-01-28,-0.008476426412471816
2004-01-29,-0.00040770747962193266
2004-01-30,0.0007769527145973232
2004-02-02,0.0009304427764298406
2004-02-03,8.075463485468504e-06
2004-02-04,-0.00517397765391725
2004-02-05,0.0005758629057763809
2004-02-06,0.009749406638630331
2004-02-09,0.0018874831103075085
2004-02-10,0.001923320403162787
2004-02-11,0.00677663955961938
2004-02-12,-0.0028355417843036745
2004-02-13,0.0002441553810264008
2004-02-17,0.005820545541584288
2004-02-18,-0.0040621050972433626
2004-02-19,-0.0015456707057910357
2004-02-20,-0.004041713102704514
2004-02-23,-0.0007486867667684249
2004-02-24,-0.0005970173336193874
2004-02-25,0.002729065837709488
2004-02-26,0.0013728261543226594
2004-02-27,0.004234939402598226
2004-03-01,0.007816114477885439
2004-03-02,-0.004554311065445904
2004-03-03,-0.0005330133932879288
2004-03-04,0.002550811363315919
2004-03-05,0.005816861463075362
2004-03-08,-0.003215528558370484
2004-03-09,-0.0018798628913242466
2004-03-10,-0.010490242165339891
2004-03-11,-0.007667407205795507
2004-03-12,0.006238058004097269
2004-03-15,-0.007532656491593737
2004-03-16,0.00518356771004469
2004-03-17,0.008215382598106169
2004-03-18,-0.0005063542500313156
2004-03-19,-0.006809988049242266
2004-03-22,-0.006136323446198744
2004-03-23,0.0018853802437999168
2004-03-24,-0.0012772539263992133
2004-03-25,0.007113844620426413
2004-03-26,-0.0014347176366255043
2004-03-29,0.005150379129874372
2004-03-30,0.0034005645023704734
2004-03-31,0.0028395794011066844
2004-04-01,0.002250350653233868
2004-04-02,-0.0010667598375725396
2004-04-05,0.0004167659557068326
2004-04-06,-0.0002978876007456721
2004-04-07,-0.002555575909564456
2004-04-08,-0.0008941517175008462
2004-04-12,0.0018154338837741424
2004-04-13,-0.009243469261370096
2004-04-14,-0.004494841927342952
2004-04-15,-0.0017215639129072313
2004-04-16,0.005441684313383988
2004-04-19,9.796230760694691e-05
2004-04-20,-0.0098348364395614
2004-04-21,0.0027061754073263167
2004-04-22,0.006375257801533696
2004-04-23,-0.0033674412582487268
2004-04-26,-0.000612285393019496
2004-04-27,0.001929613707969402
2004-04-28,-0.011497583769541686
2004-04-29,-0.007610777295915083
2004-04-30,-0.0033061764036238506
2004-05-03,0.004128020035417901
2004-05-04,0.0030219436688700974
2004-05-05,0.0026851098545839225
2004-05-06,-0.008017070401309168
2004-05-07,-0.013506834235599507
2004-05-10,-0.010565665588624484
2004-05-11,0.007002785117146804
2004-05-12,0.003092547697936432
2004-05-13,-0.0019957002974265725
2004-05-14,-0.00018358859957334772
2004-05-17,-0.004465412825248705
2004-05-18,0.00549466651805397
2004-05-19,0.001606427950552547
2004-05-20,0.002234011259304891
2004-05-21,0.0013627905926514305
2004-05-24,0.004594659739739937
2004-05-25,0.008419959475340466
2004-05-26,0.0015102422683916927
2004-05-27,0.005521203603298996
2004-05-28,-0.0007962837036502579
2004-06-01,-0.0016319068433030548
2004-06-02,0.00010478122713464266
2004-06-03,-0.006290554787979907
2004-06-04,0.0036589875468180377
2004-06-07,0.010041795999211844
2004-06-08,-0.002337948755364083
2004-06-09,-0.0077341509426410715
2004-06-10,0.003172420012298449
2004-06-14,-0.010807035714879065
2004-06-15,0.009249214820894469
2004-06-16,-0.0007009857278973408
2004-06-17,0.002062682078658451
2004-06-18,0.0006814377438844055
2004-06-21,-0.00047472294786732316
2004-06-22,0.0015731479674117033
2004-06-23,0.004862480919667345
2004-06-24,0.0008197319472187381
2004-06-25,-0.0001686647210851211
2004-06-28,-0.003393177330355046
2004-06-29,0.002406757545899252
2004-06-30,0.00621599518623861
2004-07-01,-0.005223157079902174
2004-07-02,0.003267149120916857
2004-07-06,-0.006145860638214762
2004-07-07,0.0021016186575160134
2004-07-08,-0.004605952888426579
2004-07-09,0.0021691142778148542
2004-07-12,0.0004026331118858195
2004-07-13,-0.0008528323716227026
2004-07-14,-0.0020515429886879266
2004-07-15,-0.0022792267131633848
2004-07-16,0.0024694347028717534
2004-07-19,-0.00021656695723881736
2004-07-20,0.0009194110240946518
2004-07-21,-0.008728642211783266
2004-07-22,0.001146873665347492
2004-07-23,-0.0053144200786408025
2004-07-26,-0.0024837636374972494
2004-07-27,0.0024874854468559526
2004-07-28,0.0016566085617433224
2004-07-29,0.0033540870340909024
2004-07-30,0.0023474542554313693
2004-08-02,0.0015657922414678005
2004-08-03,-0.0021667236153338765
2004-08-04,-0.0008513074025987555
2004-08-05,-0.00651437711736258
2004-08-06,-0.001327634901287067
2004-08-09,0.00027581879138471876
2004-08-10,0.003766499187162431
2004-08-11,-0.0003336590876643619
2004-08-12,-0.003759724490037586
2004-08-13,0.0024726154444658643
2004-08-16,0.0045331082287261015
2004-08-17,0.002663827365126048
2004-08-18,0.0041850475606965976
2004-08-19,0.0002775432527155619
2004-08-20,0.0032015323468888024
2004-08-23,-0.0029898969374695383
2004-08-24,-0.0006310222970962176
2004-08-25,0.004356392483956695
2004-08-26,0.0009584480442250687
2004-08-27,0.0014306958156049543
2004-08-30,-0.0023113238674412617
2004-08-31,0.005124522103698181
2004-09-01,0.00023555554368526188
2004-09-02,0.004322492681720691
2004-09-03,-0.004081177583572737
2004-09-07,0.004141108831179796
2004-09-08,-0.0004829116938939171
2004-09-09,0.00012356285446557536
2004-09-10,0.0031043317786882962
2004-09-13,0.0020162746555947297
2004-09-14,0.0008374102285511054
2004-09-15,-0.004916536764212109
2004-09-16,0.004447356685547188
2004-09-17,0.000571040063070738
2004-09-20,-0.0007455613281653894
2004-09-21,0.004205834023363941
2004-09-22,-0.005261824852062502
2004-09-23,-0.0026366405955193795
2004-09-24,0.0007543715201809853
2004-09-27,-0.0014461041344717707
2004-09-28,0.004486049751297294
2004-09-29,0.0002534074902860173
2004-09-30,0.0018288698589030705
2004-10-01,0.006995323320472258
2004-10-04,0.0013704446027440476
2004-10-05,0.00035739384278676845
2004-10-06,0.0014889807294240498
2004-10-07,-0.0038570008040865744
2004-10-08,0.0007343661859808837
2004-10-11,0.0019225046285378244
2004-10-12,-0.0028462896212385624
2004-10-13,-0.0039248004127229175
2004-10-14,-0.0038277491496424565
2004-10-15,0.003998762763585129
2004-10-18,0.0020024674352898675
2004-10-19,-0.003986082154581627
2004-10-20,0.0014553495520770454
2004-10-21,0.0032819020360621565
2004-10-22,-0.003711822620566796
2004-10-25,0.0010439018810821654
2004-10-26,0.005880247859816556
2004-10-27,0.0030968589450333095
2004-10-28,0.0012792409359958512
2004-10-29,0.00213423582211969
2004-11-01,3.0087902258335575e-05
2004-11-02,0.00180605062354533
2004-11-03,0.006642717192692382
2004-11-04,0.007105595825831035
2004-11-05,7.280811177001745e-05
2004-11-08,-0.0027565031035224896
2004-11-09,0.00019031764910826254
2004-11-10,-5.688121539204616e-05
2004-11-11,0.005687237840633186
2004-11-12,0.005703894970218393
2004-11-15,0.0013329798175214513
2004-11-16,-0.004311721741664831
2004-11-17,0.005922662958642189
2004-11-18,0.0006452434701311738
2004-11-19,-0.006266443243880482
2004-11-22,0.004681338990634609
2004-11-23,0.000891621066518189
2004-11-24,0.003484874551504147
2004-11-26,0.0006380579735714154
2004-11-29,-0.001883079460755721
2004-11-30,-0.000990270655373382
2004-12-01,0.005420889274737162
2004-12-02,-0.0018838719631653067
2004-12-03,0.003844533665058103
2004-12-06,-0.0004262033272628418
2004-12-07,-0.005521186383166232
2004-12-08,0.002850784538630524
2004-12-09,-0.0009198968578916222
2004-12-10,-0.0013396899953347363
2004-12-13,0.0063425214471743985
2004-12-14,0.002458962149053834
2004-12-15,0.004770212271401952
2004-12-16,-0.004036853950900032
2004-12-17,-0.0018279026359352413
2004-12-20,0.002284742141317686
2004-12-21,0.00616005391956187
2004-12-22,0.00046815851225257
2004-12-23,0.0016801233950090033
2004-12-27,-0.0013828241100322103
2004-12-28,0.003610495463766128
2004-12-29,-0.0003667736804786603
2004-12-30,-6.798810786134979e-06
2004-12-31,0.0020691427869632406
2005-01-03,-0.004493036945963147
2005-01-04,-0.010994774850817679
2005-01-05,-0.003796375433650967
2005-01-06,0.0019414319375754552
2005-01-07,-0.0022084262675748922
2005-01-10,0.002072532461130372
2005-01-11,-0.00249663769692543
2005-01-12,0.0036738663731052945
2005-01-13,-0.002488174766384299
2005-01-14,0.0035091745335809055
2005-01-18,0.003532558430035637
2005-01-19,-0.005228474018185492
2005-01-20,-0.003652990564930625
2005-01-21,7.66981716848747e-05
2005-01-24,-0.0007790339255473455
2005-01-25,-0.0007574013538862445
2005-01-26,0.004982355912452441
2005-01-27,0.0006124988307998347
2005-01-28,-0.0002769253822949569
2005-01-31,0.004928854267143512
2005-02-01,0.0028567162041905902
2005-02-02,0.0017124411580340393
2005-02-03,-0.0026216815499225943
2005-02-04,0.007621828464106084
2005-02-07,-0.00034102680198599966
2005-02-08,0.0018892886531047814
2005-02-09,-0.0018908721453210209
2005-02-10,0.0011744832165716534
2005-02-11,0.004202836912153174
2005-02-14,0.002563471768592951
2005-02-15,0.000712503812688281
2005-02-16,-0.0018059067357057978
2005-02-17,-0.0025070532880551166
2005-02-18,0.0004330794687736894
2005-02-22,-0.006248128969932654
2005-02-23,0.002767976662723104
2005-02-24,0.002933262899534661
2005-02-25,0.006230488368916154
2005-02-28,-0.0038188081767641657
2005-03-01,0.003245374350045349
2005-03-02,-0.0020521385667081615
2005-03-03,0.0011531243973610383
2005-03-04,0.007645791611908148
2005-03-07,0.0014708575406581215
2005-03-08,-0.0030103250688565675
2005-03-09,-0.006054546118178128
2005-03-10,-0.000815720908319495
2005-03-11,-0.00289587227593302
2005-03-14,0.0015249910214343299
2005-03-15,-0.004689941772738515
2005-03-16,-0.0017614943289789853
2005-03-17,0.002350984812740542
2005-03-18,-0.001969626425808668
2005-03-21,-0.003397454277952572
2005-03-22,-0.007546477868684787
2005-03-23,-0.003288309976579473
2005-03-24,0.0008443827441317886
2005-03-28,-0.00023162976437940408
2005-03-29,-0.004971892506080655
2005-03-30,0.007793047897411753
2005-03-31,0.00315726432699992
2005-04-01,-0.0009583966755879469
2005-04-04,0.0012737663884623274
2005-04-05,0.0008976286120108146
2005-04-06,0.002654849900805223
2005-04-07,0.001878512390198539
2005-04-08,-0.0035705048557866936
2005-04-11,0.0006364925168269586
2005-04-12,0.004385876963484359
2005-04-13,-0.006317108444799935
2005-04-14,-0.007363245001406504
2005-04-15,-0.006750790496764969
2005-04-18,0.001663990573416374
2005-04-19,0.007623457165713665
2005-04-20,-0.007671518532543553
2005-04-21,0.0077954400922808365
2005-04-22,-0.001621260626964105
2005-04-25,0.0045767553232862745
2005-04-26,-0.00638876433373603
2005-04-27,0.00046313614584980733
2005-04-28,-0.005146893320410961
2005-04-29,0.005955394865948094
2005-05-02,0.002601902365416242
2005-05-03,0.0008649539609226764
2005-05-04,0.005826816739254115
2005-05-05,0.00042330709377180753
2005-05-06,-0.0017458270290549027
2005-05-09,0.0029731289102405967
2005-05-10,-0.005750428839955912
2005-05-11,0.002597533678231345
2005-05-12,-0.0067928680710069855
2005-05-13,-0.002794033357570891
2005-05-16,0.004378950028913975
2005-05-17,0.0032984859863376403
2005-05-18,0.006510926379981186
2005-05-19,0.0013524667450981465
2005-05-20,-0.00019463510590156385
2005-05-23,0.0029243223614789926
2005-05-24,0.00023420580354382992
2005-05-25,-0.0027679127380342283
2005-05-26,0.002107955961406116
2005-05-27,0.00241620106796403
2005-05-31,-0.0018950761053918574
2005-06-01,0.007267997729615727
2005-06-02,0.001288723737091102
2005-06-03,-0.004381097844411208
2005-06-06,0.002032828144073351
2005-06-07,0.0011499760405671022
2005-06-08,-0.0020070040102038167
2005-06-09,0.0023949354946875
2005-06-10,-0.0019770945738126766
2005-06-13,0.000149134338258472
2005-06-14,0.001031133867295475
2005-06-15,0.002215634927567711
2005-06-16,0.003667189447033037
2005-06-17,0.004361963774421218
2005-06-20,-0.0018589918714021492
2005-06-21,0.0005007508074150735
2005-06-22,0.002394383901757724
2005-06-23,-0.006499291298615706
2005-06-24,-0.0023580360929468247
2005-06-27,0.0013065179320079778
2005-06-28,0.0036100716868592286
2005-06-29,-0.0014183332421516814
2005-06-30,-0.0007550538979945731
2005-07-01,-0.0006520735478173778
2005-07-05,0.0017214197465735825
2005-07-06,-0.00258112163142743
2005-07-07,0.0008573749849274392
2005-07-08,0.0053426412802413115
2005-07-11,0.004463957619330605
2005-07-12,0.0017606532432534738
2005-07-13,-0.0012708884377049534
2005-07-14,-0.0007906134052535485
2005-07-15,-0.0008798592740320021
2005-07-18,-0.002720055373389485
2005-07-19,0.00436073733297504
2005-07-20,0.0031130501364233787
2005-07-21,-0.003327665357650944
2005-07-22,0.003923501865312984
2005-07-25,-0.0032126068588810286
2005-07-26,0.0012363385068288046
2005-07-27,0.002867011544203102
2005-07-28,0.004564746248975071
2005-07-29,-0.0031761635028191293
2005-08-01,0.0016214551067015304
2005-08-02,0.003685505620227625
2005-08-03,0.0021217084120646046
2005-08-04,-0.00471524016567848
2005-08-05,-0.006345127332980427
2005-08-08,-0.0007330589045040359
2005-08-09,0.004944250696478303
2005-08-10,0.0018662431423173143
2005-08-11,0.004824452742135721
2005-08-12,-0.002340459568392461
2005-08-15,0.002332552950583544
2005-08-16,-0.00601043422859926
2005-08-17,-0.0011160834128574049
2005-08-18,-0.0022165460084945243
2005-08-19,0.0017165803981282757
2005-08-22,0.0025997908361892197
2005-08-23,-0.0009852533556247156
2005-08-24,-0.004151763088259264
2005-08-25,0.0028535914455698475
2005-08-26,-0.003394101038076025
2005-08-29,0.0031579915075596876
2005-08-30,-0.0004826074434618466
2005-08-31,0.010114536635144722
2005-09-01,0.004031522827901091
2005-09-02,0.0001920259089986942
2005-09-06,0.004625465080114077
2005-09-07,0.0003737878475722489
2005-09-08,-0.002513973719889817
2005-09-09,0.005869803502638327
2005-09-12,-0.001646673561216061
2005-09-13,-0.0030667285649434994
2005-09-14,-0.0017155496571669149
2005-09-15,-0.00015975109550536715
2005-09-16,0.004857790527372785
2005-09-19,-0.0016438110161712816
2005-09-20,-0.0045120836752789995
2005-09-21,-0.0013769632109718044
2005-09-22,0.00020360517340556328
2005-09-23,-0.0010107909082746058
2005-09-26,0.0019212389516978234
2005-09-27,-0.0009350710866159462
2005-09-28,0.003153339339120098
2005-09-29,0.00608040774431462
2005-09-30,-0.0005385762882276213
2005-10-03,-0.0013980512976714543
2005-10-04,-0.006005217204518409
2005-10-05,-0.009153462401187085
2005-10-06,-0.00513392501929999
2005-10-07,0.004100128429457728
2005-10-10,-0.0038213554472114053
2005-10-11,-0.0017426010558510008
2005-10-12,-0.006962132299009882
2005-10-13,-0.0014179616920875215
2005-10-14,0.005587809950478029
2005-10-17,0.0005360406934424855
2005-10-18,-0.006450809349113351
2005-10-19,0.0073250251563077295
2005-10-20,-0.011140176199961993
2005-10-21,0.005018460918442269
2005-10-24,0.008813471500940695
2005-10-25,-0.003826426455806664
2005-10-26,-0.0019365681745230345
2005-10-27,-0.00490449514536373
2005-10-28,0.008427622069802965
2005-10-31,0.0038494555483588044
2005-11-01,0.0030316269179004873
2005-11-02,0.006603382376856093
2005-11-03,0.00015874858703601724
2005-11-04,-0.0020087982437148044
2005-11-07,0.002098833767336883
2005-11-08,-0.0008893134175605999
2005-11-09,0.0003218290261635115
2005-11-10,0.0031716129707330953
2005-11-11,0.002722371812908353
2005-11-14,-0.0035419309822899425
2005-11-15,-0.0020694574966381163
2005-11-16,0.0021268297234475764
2005-11-17,0.007580363099296772
2005-11-18,0.002479737667237192
2005-11-21,0.002506192490827841
2005-11-22,0.0033612743554756186
2005-11-23,0.0018333967418842079
2005-11-25,0.00012292038972061547
2005-11-28,-0.0027663656277063797
2005-11-29,-0.0015460813336894974
2005-11-30,-0.0027052473568172086
2005-12-01,0.008060555998395946
2005-12-02,0.0007537777402508716
2005-12-05,-0.00015035227053183942
2005-12-06,0.0023170374147150063
2005-12-07,-0.0042456841952390745
2005-12-08,0.0009696380295156626
2005-12-09,0.002201626397442702
2005-12-12,0.0025937838667275948
2005-12-13,0.004152199082420482
2005-12-14,0.0016701176216580293
2005-12-15,-0.0030452975979115005
2005-12-16,0.000712831257272617
2005-12-19,-0.003391383745449339
2005-12-20,0.0005879326713640332
2005-12-21,0.0029422153648033245
2005-12-22,0.0031383138503364716
2005-12-23,0.0016632830698892764
2005-12-27,-0.00518995417416146
2005-12-28,0.0011575120001059425
2005-12-29,-0.0008053852609740675
2005-12-30,-0.002417723570448227
2006-01-03,0.01366390540411122
2006-01-04,0.0041002051569998255
2006-01-05,-0.0011662173206408166
2006-01-06,0.00635458792034882
2006-01-09,0.002663585427092885
2006-01-10,-0.0023360530199784124
2006-01-11,0.002505620476569881
2006-01-12,-0.003095721066497137
2006-01-13,0.0019449970173026632
2006-01-17,-0.0038948995225330796
2006-01-18,-0.0028953906307825905
2006-01-19,0.005624613492817954
2006-01-20,-0.00916597687868359
2006-01-23,0.00478284957829711
2006-01-24,0.002867847725817274
2006-01-25,-0.001202461760941853
2006-01-26,0.006342925078997919
2006-01-27,0.004115882158351347
2006-01-30,0.00017865436637598542
2006-01-31,-0.0003346941239213974
2006-02-01,0.0012672976407994696
2006-02-02,-0.006838320399220277
2006-02-03,-0.002023106881292147
2006-02-06,0.0029273093563657593
2006-02-07,-0.007156476095724007
2006-02-08,0.0026850158798625845
2006-02-09,0.00014115168416450885
2006-02-10,-0.0006464372321353107
2006-02-13,-0.0042097274778066796
2006-02-14,0.006042930459797979
2006-02-15,-0.00011824394188175713
2006-02-16,0.00678177245186018
2006-02-17,0.0007988419614191056
2006-02-21,-0.001994916039963046
2006-02-22,0.004936531806337019
2006-02-23,-0.001269782866571867
2006-02-24,0.0017886720283657453
2006-02-27,0.0015043909423517743
2006-02-28,-0.005954610835080532
2006-03-01,0.00651105628158799
2006-03-02,-0.0005039743543544528
2006-03-03,-0.0033044116938945045
2006-03-06,-0.005457853944039637
2006-03-07,-0.0061206406402740665
2006-03-08,0.0011405103284418683
2006-03-09,-0.002777066761831204
2006-03-10,0.00631598763111918
2006-03-13,0.002220631830750497
2006-03-14,0.00894394674861232
2006-03-15,0.0029927313946083167
2006-03-16,0.00224491126548787
2006-03-17,0.0013309638646781252
2006-03-20,-0.00020838303875925224
2006-03-21,-0.006895134204272124
2006-03-22,0.0049306450181783035
2006-03-23,-0.0029255910615706426
2006-03-24,0.004048860470048821
2006-03-27,-0.0014079939595471602
2006-03-28,-0.005818689660054499
2006-03-29,0.006375698948868358
2006-03-30,0.000726841941673273
2006-03-31,-0.00122768665885864
2006-04-03,0.0032433710780896963
2006-04-04,0.003715295059407042
2006-04-05,0.0036036253959343956
2006-04-06,-0.0012518742554322726
2006-04-07,-0.007695124077955362
2006-04-10,0.0001762336447428403
2006-04-11,-0.003878663513280589
2006-04-12,5.652339448936061e-05
2006-04-13,-0.000544961079944839
2006-04-17,0.0021073769348314286
2006-04-18,0.01358458724417999
2006-04-19,0.0029289722813039543
2006-04-20,-0.0016759667498587039
2006-04-21,0.0023475991573147503
2006-04-24,-0.0021139400452342416
2006-04-25,-0.004111860895347097
2006-04-26,0.0027745254516293727
2006-04-27,0.001032672255789402
2006-04-28,0.0031411917358377117
2006-05-01,-0.0030740663580975935
2006-05-02,0.007248134062131539
2006-05-03,-0.002193277123200277
2006-05-04,0.002977601375526273
2006-05-05,0.008150754680208872
2006-05-08,0.0006097736050292291
2006-05-09,0.0014472755868324416
2006-05-10,-0.0011630446986655718
2006-05-11,-0.00815619160909209
2006-05-12,-0.010233084776132717
2006-05-15,-0.002920235700171081
2006-05-16,0.0003542966869221065
2006-05-17,-0.0147489169960755
2006-05-18,-0.002538424702817954
2006-05-19,0.00459876281412086
2006-05-22,-0.008558023748175048
2006-05-23,-0.003332385205640387
2006-05-24,0.00045494270708790197
2006-05-25,0.009877336599747544
2006-05-26,0.003852542529434233
2006-05-30,-0.012248422392605152
2006-05-31,0.0058568467433184335
2006-06-01,0.007410218628921772
2006-06-02,0.0052341332143057695
2006-06-05,-0.013440759767040733
2006-06-06,-0.004089246264141755
2006-06-07,-0.006570178761392209
2006-06-08,-0.004320898021593633
2006-06-09,-0.0015357196738763346
2006-06-12,-0.008835294559097151
2006-06-13,-0.010222331705931786
2006-06-14,0.004510089889906199
2006-06-15,0.01690047669388761
2006-06-16,-0.0036490239422637405
2006-06-19,-0.007625208039755527
2006-06-20,0.001653640643705323
2006-06-21,0.008186236636054112
2006-06-22,-0.0043724856417671765
2006-06-23,-0.0001936017879383689
2006-06-26,0.0030427429123849326
2006-06-27,-0.007009300684977404
2006-06-28,0.005502541099483782
2006-06-29,0.019172379132429418
2006-06-30,0.0037898228548032264
2006-07-03,0.004494000793406672
2006-07-05,-0.008972158277726794
2006-07-06,0.004926856102172916
2006-07-07,-0.0038201172262128935
2006-07-10,0.0022065894279665876
2006-07-11,0.002624874289076873
2006-07-12,-0.00816611570200021
2006-07-13,-0.010044305919301943
2006-07-14,-0.0027653008823902425
2006-07-17,-0.0033257857630233367
2006-07-18,0.0009131563255102559
2006-07-19,0.015595574857421912
2006-07-20,-0.005706018872522423
2006-07-21,-0.005077102482727525
2006-07-24,0.012585759941154517
2006-07-25,0.002118243240458506
2006-07-26,0.002220456169014895
2006-07-27,0.0006255285445537773
2006-07-28,0.009495281187075877
2006-07-31,-0.0016526473410851672
2006-08-01,-0.003754405703225716
2006-08-02,0.0055384960868349875
2006-08-03,0.0006688309918061464
2006-08-04,0.0017007784464917464
2006-08-07,-0.0026228782600805634
2006-08-08,-0.002088167215342218
2006-08-09,-0.000980773537610169
2006-08-10,0.0021284558360612493
2006-08-11,-0.004283843302712809
2006-08-14,0.0009604689491342633
2006-08-15,0.010969973470260186
2006-08-16,0.00582674072121292
2006-08-17,-0.00016084204986011041
2006-08-18,0.0018933320238796458
2006-08-21,-0.0013300264498699033
2006-08-22,-0.00023198426437998076
2006-08-23,-0.003950964634786391
2006-08-24,-0.0008102965774826609
2006-08-25,0.0005987959739450766
2006-08-28,0.002930458370959288
2006-08-29,0.002689938455354479
2006-08-30,0.0009966252735942316
2006-08-31,0.0006914285228871719
2006-09-01,0.0037916293583266647
2006-09-05,0.0011684453150608842
2006-09-06,-0.008642310679909504
2006-09-07,-0.004699065471454489
2006-09-08,0.001562196877257227
2006-09-11,-0.002885481507467813
2006-09-12,0.007330539653567447
2006-09-13,0.00343720414229276
2006-09-14,-0.0011817412479219191
2006-09-15,-6.41341323982525e-05
2006-09-18,0.0017283021912877228
2006-09-19,-0.002673191205295855
2006-09-20,0.004720961830451564
2006-09-21,-0.0018403146961148975
2006-09-22,-0.0021489221173643935
2006-09-25,0.005640099140918231
2006-09-26,0.002871777316615809
2006-09-27,0.0006965342146429965
2006-09-28,0.0014688593887781654
2006-09-29,-0.002675886799833327
2006-10-02,9.785776596804574e-05
2006-10-03,-0.001076119400098774
2006-10-04,0.008702524102290665
2006-10-05,0.0021289368982426726
2006-10-06,-0.0034013806374224576
2006-10-09,8.849148875800239e-05
2006-10-10,0.0005003191951267194
2006-10-11,-0.001743696954622842
2006-10-12,0.0072547067002086685
2006-10-13,0.0016922890084349884
2006-10-16,0.0020281152112935352
2006-10-17,-0.0031068863615750786
2006-10-18,0.0008459163606111542
2006-10-19,0.002010808734223657
2006-10-20,-0.00041621127121993506
2006-10-23,0.0009550013125683154
2006-10-24,0.001542584192121943
2006-10-25,0.004340411859956372
2006-10-26,0.004433078604160423
2006-10-27,-0.004301784677967713
2006-10-30,-0.0006213521739658612
2006-10-31,0.0023086139876353773
2006-11-01,-0.0032865773967972745
2006-11-02,-0.0003593252744048536
2006-11-03,-0.0020798708969415047
2006-11-06,0.008681047189157187
2006-11-07,0.001795181278604785
2006-11-08,0.0021217259341734795
2006-11-09,-0.0021990849313471283
2006-11-10,0.002093265174822001
2006-11-13,-0.0002289709574575527
2006-11-14,0.00614061012849576
2006-11-15,0.00047297256420786304
2006-11-16,-0.0016834289950853343
2006-11-17,0.00011817201143626832
2006-11-20,-0.0012608411872536696
2006-11-21,0.002784745451218651
2006-11-22,0.00361611512092197
2006-11-24,-0.0013670302052962713
2006-11-27,-0.007880260581055065
2006-11-28,0.003946312415880948
2006-11-29,0.006594768202412782
2006-11-30,0.0026249789264403134
2006-12-01,-0.0007114684899852675
2006-12-04,0.006636033974034783
2006-12-05,0.003417614778480793
2006-12-06,-0.0019249084255461568
2006-12-07,-0.0015023070786043258
2006-12-08,-0.0012957531298650737
2006-12-11,0.0024659125452588526
2006-12-12,-0.0002833294401218822
2006-12-13,0.0003039659448704768
2006-12-14,0.004174994722996539
2006-12-15,-0.001294447113320385
2006-12-18,-0.002511741753612129
2006-12-19,0.000316258993168006
2006-12-20,0.0007779552315012594
2006-12-21,-0.0016992612326023337
2006-12-22,-0.0027520035349765104
2006-12-26,0.0029414034215708984
2006-12-27,0.0052514909189553816
2006-12-28,-0.0013611153584258684
2006-12-29,-0.0020735924252248683
2007-01-03,0.0024517462744431118
2007-01-04,-0.0010180623229265606
2007-01-05,-0.009079509152469134
2007-01-08,0.0018271459689820357
2007-01-09,-0.0013429281384969016
2007-01-10,-0.0012125215432640113
2007-01-11,0.003622345324827192
2007-01-12,0.004472466570661915
2007-01-16,0.0004252047623247712
2007-01-17,-0.0007523950714922734
2007-01-18,-0.002670297983493719
2007-01-19,0.005222342264283419
2007-01-22,-0.0021338905737660063
2007-01-23,0.004626768808960735
2007-01-24,0.005197485610646035
2007-01-25,-0.009805955806824751
2007-01-26,0.001035705955565902
2007-01-29,-0.0005922349856702924
2007-01-30,0.004853684902638156
2007-01-31,0.005120020634250988
2007-02-01,0.003839762290003712
2007-02-02,0.0003945569702030749
2007-02-05,-0.00012863621069969522
2007-02-06,0.0027426384415387695
2007-02-07,0.00223034476427153
2007-02-08,-0.002024465839155276
2007-02-09,-0.004924442972890186
2007-02-12,-0.002923477426511667
2007-02-13,0.0065980903918090306
2007-02-14,0.007958613655499214
2007-02-15,0.0004336436643912478
2007-02-16,0.0008750213249353322
2007-02-20,0.00206001365570474
2007-02-21,-0.0004796731665454024
2007-02-22,0.0002923565636998582
2007-02-23,-0.0006462097309490877
2007-02-26,0.0006390565321972019
2007-02-27,-0.024404969155134792
2007-02-28,0.0055608268734017585
2007-03-01,-0.0030232693425313872
2007-03-02,-0.007388843822451974
2007-03-05,-0.010198024662049443
2007-03-06,0.014328279427085588
2007-03-07,-0.0005405771106719026
2007-03-08,0.006677708040876862
2007-03-09,-0.00014215049540711178
2007-03-12,0.0028403598529556096
2007-03-13,-0.012262778369461436
2007-03-14,0.00274789290546007
2007-03-15,0.0032938774587969455
2007-03-16,-0.0020796368044746494
2007-03-19,0.008018845885411352
2007-03-20,0.004595895443584297
2007-03-21,0.012882325532492356
2007-03-22,-0.0020577507743095858
2007-03-23,0.0011197115498216004
2007-03-26,-0.0006110435257040692
2007-03-27,-0.0023222249339028833
2007-03-28,-0.005671245739515274
2007-03-29,0.0037947326556997396
2007-03-30,0.0005623992860128713
2007-04-02,0.0016126337987227846
2007-04-03,0.005324060415520471
2007-04-04,0.0016274822439343861
2007-04-05,0.0014257604902063736
2007-04-09,-0.0004413755407697284
2007-04-10,0.0032958305050214687
2007-04-11,-0.004117239287335206
2007-04-12,0.004360403197756435
2007-04-13,0.0016843518965032889
2007-04-16,0.007062241906060418
2007-04-17,0.000207780758677778
2007-04-18,0.0007794826833418256
2007-04-19,-0.0022260592213166897
2007-04-20,0.006140327532050405
2007-04-23,-0.0018912023773903774
2007-04-24,0.0003365689195193866
2007-04-25,0.005599672739353467
2007-04-26,-0.0015108719335092946
2007-04-27,-0.001562320770335135
2007-04-30,-0.004325917606263663
2007-05-01,0.0007379728451071266
2007-05-02,0.005887123626217683
2007-05-03,0.001773660662783616
2007-05-04,0.0028794337981987717
2007-05-07,0.0013731672419468044
2007-05-08,-0.0027641497430797024
2007-05-09,0.003016369744928804
2007-05-10,-0.009021030818474718
2007-05-11,0.00766942359672651
2007-05-14,-0.0030056570035833508
2007-05-15,-0.0008358389293993129
2007-05-16,0.004251350080993976
2007-05-17,-0.0020940555366480984
2007-05-18,0.0031424228822956035
2007-05-21,0.0011957660565256045
2007-05-22,-0.0004409372856334359
2007-05-23,0.0005946133450556168
2007-05-24,-0.0075948349448162755
2007-05-25,0.004765745138745947
2007-05-29,0.0007192751818667631
2007-05-30,0.004690515019195818
2007-05-31,0.0014404241130110407
2007-06-01,0.004137364499156693
2007-06-04,0.0010009480915222913
2007-06-05,-0.004368516881481432
2007-06-06,-0.007820972777289548
2007-06-07,-0.012647279508102294
2007-06-08,0.008160864705250237
2007-06-11,0.0013186285572928114
2007-06-12,-0.010468321018934024
2007-06-13,0.01070895226949542
2007-06-14,0.004339594340079245
2007-06-15,0.006831502732548289
2007-06-18,-0.00016454114967834332
2007-06-19,0.002724087847211454
2007-06-20,-0.008984978576324187
2007-06-21,0.0045153444159378164
2007-06-22,-0.005947403702706522
2007-06-25,-0.0021444013967065745
2007-06-26,-0.004980082781005146
2007-06-27,0.00773180729605194
2007-06-28,-0.00039720058391967683
2007-06-29,0.0020801945784276743
2007-07-02,0.00920716772721697
2007-07-03,0.0020759281481008696
2007-07-05,-0.0020642670565725885
2007-07-06,0.003830941388752729
2007-07-09,0.0019983095870226286
2007-07-10,-0.007389724128762265
2007-07-11,0.0034848573564705276
2007-07-12,0.009602487865137066
2007-07-13,0.0023775894414304055
2007-07-16,-0.0013609294955259088
2007-07-17,-0.001035515325121028
2007-07-18,-0.0019783430179298733
2007-07-19,0.003198050888616022
2007-07-20,-0.005679354120643021
2007-07-23,0.0037392436916505734
2007-07-24,-0.011839747628688668
2007-07-25,0.0006058490341744882
2007-07-26,-0.01760041015306857
2007-07-27,-0.009618168391420823
2007-07-30,0.010261484660180509
2007-07-31,-0.004788011020464111
2007-08-01,0.0006015861269472733
2007-08-02,0.00433191791696097
2007-08-03,-0.016120894323820245
2007-08-06,0.00822136312514865
2007-08-07,0.0035283103045780084
2007-08-08,0.010533994415518722
2007-08-09,-0.017582858975087157
2007-08-10,-0.003864685011631397
2007-08-13,0.0020359507201412885
2007-08-14,-0.010060651129463083
2007-08-15,-0.011449978772764657
2007-08-16,0.002886802796028043
2007-08-17,0.01215525194806144
2007-08-20,0.0007041927003184068
2007-08-21,0.0015939947016365696
2007-08-22,0.011046700796654374
2007-08-23,9.184480889179447e-05
2007-08-24,0.00868510323095717
2007-08-27,-0.00446064399943058
2007-08-28,-0.013945048899412282
2007-08-29,0.012984410989461681
2007-08-30,-0.0019899502935672997
2007-08-31,0.008773355351308076
2007-09-04,0.006738076266425086
2007-09-05,-0.0060314791935717205
2007-09-06,0.0017166220107633912
2007-09-07,-0.006478401510774279
2007-09-10,-0.0012590575020441364
2007-09-11,0.008682746069569758
2007-09-12,0.0006126487303921291
2007-09-13,0.0023048053612526598
2007-09-14,0.0002215212330414218
2007-09-17,-0.004201417713704192
2007-09-18,0.020738084170844884
2007-09-19,0.004056096010132126
2007-09-20,-0.005833857454357494
2007-09-21,0.003761099491641051
2007-09-24,0.00016420398429040084
2007-09-25,-0.0014702262765423635
2007-09-26,0.004438878616014774
2007-09-27,0.006679033429990433
2007-09-28,-0.001959426771811823
2007-10-01,0.010915019241321877
2007-10-02,0.0008457045860494894
2007-10-03,-0.005198277275213048
2007-10-04,0.0027034613923864192
2007-10-05,0.007685065370653499
2007-10-08,-0.003345056694744053
2007-10-09,0.004653701129416765
2007-10-10,-0.000982230257410066
2007-10-11,-0.002262081087679002
2007-10-12,0.00352717790704693
2007-10-15,-0.00590269378673014
2007-10-16,-0.006599854882243683
2007-10-17,0.005758875734905189
2007-10-18,0.0012014155708517382
2007-10-19,-0.015026981073657075
2007-10-22,0.0022884351498722033
2007-10-23,0.007472947251324635
2007-10-24,-0.0009148657014542705
2007-10-25,0.0028569872450552314
2007-10-26,0.010204350599980705
2007-10-29,0.005078096044191849
2007-10-30,-0.006720917299457896
2007-10-31,0.007803297054381764
2007-11-01,-0.015114541279083404
2007-11-02,0.0024991227848574216
2007-11-05,-0.009287762747997697
2007-11-06,0.010689892528450429
2007-11-07,-0.015231359389514476
2007-11-08,0.0022474883753540453
2007-11-09,-0.007148949808905902
2007-11-12,-0.010676368107162437
2007-11-13,0.018477325097103314
2007-11-14,-0.0019669871378718007
2007-11-15,-0.008717899263793627
2007-11-16,0.0023485073847206994
2007-11-19,-0.012941478002429174
2007-11-20,0.006693868856036067
2007-11-21,-0.01142281032524639
2007-11-23,0.011972150235952217
2007-11-26,-0.011322136663439064
2007-11-27,0.007463149471695241
2007-11-28,0.01897282842761472
2007-11-29,-0.0013492225530438162
2007-11-30,0.0050729630166865824
2007-12-03,-0.0025638763661726127
2007-12-04,-0.004415965585187864
2007-12-05,0.009407538626903245
2007-12-06,0.007270758536748856
2007-12-07,-0.003297543222744115
2007-12-10,0.005088815367071842
2007-12-11,-0.015658196253128698
2007-12-12,0.0064626083200063356
2007-12-13,-0.007486534984973203
2007-12-14,-0.01278013807119871
2007-12-17,-0.010484915881855517
2007-12-18,0.007411815856005033
2007-12-19,0.0009316739865601331
2007-12-20,0.0036185780288520153
2007-12-21,0.009227583082225044
2007-12-24,0.004770214106574411
2007-12-26,-0.0002502765202089252
2007-12-27,-0.008072001536829077
2007-12-28,0.0018623195957436778
2007-12-31,-0.0027808169447955944
2008-01-02,-0.0043784276272190725
2008-01-03,0.0007182080274503733
2008-01-04,-0.014323213083383468
2008-01-07,0.0018890099567248075
2008-01-08,-0.007807689382279714
2008-01-09,0.007254823566262836
2008-01-10,0.0031516669480722292
2008-01-11,-0.007427070724785434
2008-01-14,0.007948551098221568
2008-01-15,-0.0160344387777428
2008-01-16,-0.00840453740742153
2008-01-17,-0.012465468195769103
2008-01-18,9.593671720931063e-05
2008-01-22,-0.005302633537695223
2008-01-23,0.00857873672827103
2008-01-24,0.006139893441792443
2008-01-25,-0.005348029185734626
2008-01-28,0.010499715346735439
2008-01-29,0.002472737507414724
2008-01-30,-0.0043193176995094396
2008-01-31,0.011285575401766668
2008-02-01,0.010126527382003259
2008-02-04,-0.00609915943000805
2008-02-05,-0.020493346224847775
2008-02-06,-0.004123224064250364
2008-02-07,0.0007644336401277929
2008-02-08,-0.001569151037629224
2008-02-11,0.0033125772854869506
2008-02-12,0.007113092736650728
2008-02-13,0.005496280053068903
2008-02-14,-0.008447787273197505
2008-02-15,0.0025717388251289552
2008-02-19,0.0010604446541708779
2008-02-20,0.002810945561037226
2008-02-21,-0.003846051828623409
2008-02-22,0.004686755140618448
2008-02-25,0.007979523566902014
2008-02-26,0.0071729938267290905
2008-02-27,0.0015646886158104945
2008-02-28,-0.0034236737967964226
2008-02-29,-0.012547270961255963
2008-03-03,-0.0005275057559032126
2008-03-04,-0.006311489134470438
2008-03-05,0.004943531093771325
2008-03-06,-0.011141000248752864
2008-03-07,-0.004269053591720473
2008-03-10,-0.005359719988390577
2008-03-11,0.019399394924147995
2008-03-12,-0.0018994499808352439
2008-03-13,-0.0004990492894586529
2008-03-14,-0.01207608709649377
2008-03-17,-0.009994571874890612
2008-03-18,0.021633473965013694
2008-03-19,-0.01703091900729581
2008-03-20,0.012123240569105853
2008-03-24,0.006870824144930454
2008-03-25,0.002915814483569479
2008-03-26,-0.0035402047819644844
2008-03-27,-0.0024602167842201483
2008-03-28,-0.001701895138477627
2008-03-31,0.00351197395118108
2008-04-01,0.01745743100996866
2008-04-02,0.00012400933618006427
2008-04-03,0.0019979415477218154
2008-04-04,0.0015788609879783255
2008-04-07,0.0017001242208589673
2008-04-08,-0.0039018499898743064
2008-04-09,-0.004680375421556415
2008-04-10,0.0013503007703052905
2008-04-11,-0.007958173871878693
2008-04-14,-0.0024534770371161807
2008-04-15,0.0030370253926372826
2008-04-16,0.01351354580084374
2008-04-17,-0.003524332533306862
2008-04-18,0.006857663405875458
2008-04-21,0.0002933162552269941
2008-04-22,-0.0050402042625581345
2008-04-23,0.0018236435380052374
2008-04-24,-0.0017661895237254255
2008-04-25,0.00460010021277224
2008-04-28,0.0013532866610366234
2008-04-29,-0.004559857705286552
2008-04-30,0.0026709219229601455
2008-05-01,0.00801517510463956
2008-05-02,0.0012121954882826635
2008-05-05,-0.0006720442072420951
2008-05-06,0.004545445765482992
2008-05-07,-0.01050208460043034
2008-05-08,0.004204161318605459
2008-05-09,-0.002326679951282329
2008-05-12,0.006027865949196132
2008-05-13,-0.0018551907353929753
2008-05-14,0.0016844601719514518
2008-05-15,0.00978805764916224
2008-05-16,0.0027096228351024543
2008-05-19,0.000844260089629012
2008-05-20,-0.004567806184153866
2008-05-21,-0.007978350605490458
2008-05-22,0.001026488662159597
2008-05-23,-0.00668334229480505
2008-05-27,0.000417465384437099
2008-05-28,0.00032924563087566305
2008-05-29,0.0011186265521219152
2008-05-30,0.002378333774808894
2008-06-02,-0.004955221931601916
2008-06-03,-0.003613637260280078
2008-06-04,-0.0025166217925877143
2008-06-05,0.010680534686210663
2008-06-06,-0.015340511157487136
2008-06-09,-0.003214199093575565
2008-06-10,-0.007762797392302567
2008-06-11,-0.008628106004897607
2008-06-12,-0.0017334797348669273
2008-06-13,0.007248077576712975
2008-06-16,0.0025431241479172417
2008-06-17,-0.0010116988631133639
2008-06-18,-0.0029618257134658155
2008-06-19,-0.000783035258979381
2008-06-20,-0.01086338046187918
2008-06-23,-0.0018223169332040046
2008-06-24,-0.0005267205083550053
2008-06-25,0.0022406743976184362
2008-06-26,-0.013868847324782663
2008-06-27,0.0013154743072905095
2008-06-30,0.0010893889189786954
2008-07-01,-0.0021444730958899427
2008-07-02,-0.010107991028108887
2008-07-03,0.0008909242917982674
2008-07-07,-0.0049695314293399795
2008-07-08,0.009787203634971098
2008-07-09,-0.009439452502348122
2008-07-10,0.004177615231089282
2008-07-11,-0.008415325066076895
2008-07-14,-0.0024270907821305476
2008-07-15,-0.007348664308088004
2008-07-16,0.014029242034265144
2008-07-17,0.0057206145739354675
2008-07-18,-0.00017495783180088154
2008-07-21,0.002150205684351647
2008-07-22,0.005685715198038066
2008-07-23,0.0012768758562513582
2008-07-24,-0.012566739764596435
2008-07-25,-0.0003163169242413888
2008-07-28,-0.007327981284623086
2008-07-29,0.012918171651811416
2008-07-30,0.0052877049156452305
2008-07-31,-0.005330017290980815
2008-08-01,-0.0026073294621774545
2008-08-04,-0.007333203637652996
2008-08-05,0.012146967824744559
2008-08-06,0.001638754005262033
2008-08-07,-0.008997013431644163
2008-08-08,0.008455049894402933
2008-08-11,0.0006762059193854419
2008-08-12,-0.004746532119696889
2008-08-13,-0.003978183318710138
2008-08-14,0.00441539244051703
2008-08-15,0.0005397664985529183
2008-08-18,-0.006888318011611938
2008-08-19,-0.006906283429403137
2008-08-20,0.0055851641522266515
2008-08-21,0.00031876896469640315
2008-08-22,0.004419498355614948
2008-08-25,-0.009559232499259829
2008-08-26,0.0017949122138720686
2008-08-27,0.006572916560568354
2008-08-28,0.0077354656091244145
2008-08-29,-0.0054621272329153925
2008-09-02,-0.004985053280498808
2008-09-03,-0.0018480295681373438
2008-09-04,-0.019949898800681543
2008-09-05,0.0028909048136878113
2008-09-08,0.012883906715215776
2008-09-09,-0.019443764614086034
2008-09-10,0.0037850215168926393
2008-09-11,0.0027296502734521777
2008-09-12,0.004744189335580629
2008-09-15,-0.024024599962886972
2008-09-16,0.002265419087046583
2008-09-17,-0.024488978703085973
2008-09-18,0.02255140720675075
2008-09-19,0.03441415967966077
2008-09-22,-0.02209689130447523
2008-09-23,-0.012239971551637363
2008-09-24,5.0511006938647185e-05
2008-09-25,0.010879004809265735
2008-09-26,-0.00426260015010449
2008-09-29,-0.04420514721864788
2008-09-30,0.019178717689646296
2008-10-01,0.0029698677516509786
2008-10-02,-0.02627773965874214
2008-10-03,-0.006407402008113738
2008-10-06,-0.022401347272847483
2008-10-07,-0.033644843057842766
2008-10-08,-0.017458686917199207
2008-10-09,-0.03430049832422344
2008-10-10,-0.008699163431500456
2008-10-13,0.056925212070858766
2008-10-14,-0.0019485263958984866
2008-10-15,-0.04932733658161259
2008-10-16,0.0197261074397328
2008-10-17,-0.008267584027542796
2008-10-20,0.028366245346263197
2008-10-21,-0.019461322409504822
2008-10-22,-0.02823555528539834
2008-10-23,0.0016368809187532474
2008-10-24,-0.031677216300947
2008-10-27,-0.0191904287877801
2008-10-28,0.051249531860741326
2008-10-29,-0.002999476832786341
2008-10-30,0.02152178225646817
2008-10-31,0.00568928360498
2008-11-03,0.002374773581116152
2008-11-04,0.027920426736690818
2008-11-05,-0.029017079308460536
2008-11-06,-0.025609429963098895
2008-11-07,0.01671472283383868
2008-11-10,-0.0041196214075920334
2008-11-11,-0.013335915073069082
2008-11-12,-0.024495808740115144
2008-11-13,0.03424752493862271
2008-11-14,-0.024184069495543303
2008-11-17,-0.008936944500494093
2008-11-18,-0.0017643612877059622
2008-11-19,-0.030430677981303056
2008-11-20,-0.030455718441788182
2008-11-21,0.025556181999659033
2008-11-24,0.02042456671136228
2008-11-25,0.01122706399141471
2008-11-26,0.018217998392556112
2008-11-28,0.004174599597384088
2008-12-01,-0.0360212332747043
2008-12-02,0.022898451084647498
2008-12-03,0.014552146652450082
2008-12-04,-0.011195716288207591
2008-12-05,0.01319340476994757
2008-12-08,0.014995999192923382
2008-12-09,-0.006445120401862847
2008-12-10,0.008009018442243221
2008-12-11,-0.008262874318069269
2008-12-12,0.004903291875415494
2008-12-15,-0.006626566056288197
2008-12-16,0.03596643121828702
2008-12-17,0.0014022513849838436
2008-12-18,-0.008103354447901556
2008-12-19,-0.006578068072056742
2008-12-22,-0.006520922254857453
2008-12-23,-0.004356864364913671
2008-12-24,0.0035189812493920947
2008-12-26,0.0035990629773903215
2008-12-29,-0.0026096917578308787
2008-12-30,0.008755383699883934
2008-12-31,0.00854178597053834
2009-01-02,0.004129216270476244
2009-01-05,-0.001985405111888383
2009-01-06,0.00783003060785803
2009-01-07,-0.014246900609545254
2009-01-08,0.004974120200213372
2009-01-09,-0.010072054775012051
2009-01-12,-0.010947192416483564
2009-01-13,-0.0012687139803213565
2009-01-14,-0.016449976212004058
2009-01-15,0.0017484536321588084
2009-01-16,0.002022817906908614
2009-01-20,-0.02822814485345526
2009-01-21,0.014933042681351205
2009-01-22,-0.00916724730503693
2009-01-23,0.0027672613749929464
2009-01-26,0.002382037805529036
2009-01-27,0.009204843760568515
2009-01-28,0.01616963242936964
2009-01-29,-0.020137989054826666
2009-01-30,-0.006363318840600596
2009-02-02,-0.00035720140578732185
2009-02-03,0.006210848719405027
2009-02-04,-0.003196949109778857
2009-02-05,0.00596813782637029
2009-02-06,0.015543401696385128
2009-02-09,0.002988788961480582
2009-02-10,-0.020949579871061275
2009-02-11,0.004510948071916321
2009-02-12,-0.001299991637992437
2009-02-13,-0.006130235144789498
2009-02-17,-0.018827769605243905
2009-02-18,-0.004364502870226827
2009-02-19,-0.0054406612171601365
2009-02-20,-0.004668604480074556
2009-02-23,-0.013902542898626358
2009-02-24,0.014246447567198395
2009-02-25,-0.008497916554117246
2009-02-26,-0.007678699380786913
2009-02-27,-0.007504216455920365
2009-03-02,-0.018866706846544568
2009-03-03,-0.0037197526175961615
2009-03-04,0.01228469162859902
2009-03-05,-0.013916227685849769
2009-03-06,-0.0011352294563641285
2009-03-09,-0.00822323141153447
2009-03-10,0.0246031460980749
2009-03-11,0.0028808747891424513
2009-03-12,0.020496578316575365
2009-03-13,0.004168155054654399
2009-03-16,-0.0011177644725786084
2009-03-17,0.012265943877086682
2009-03-18,0.023566385603832396
2009-03-19,-0.003295281473738365
2009-03-20,-0.00930863091558809
2009-03-23,0.03160395955671458
2009-03-24,-0.010119376181815465
2009-03-25,0.0046794856664327256
2009-03-26,0.014260138454687654
2009-03-27,-0.011719940802653261
2009-03-30,-0.01632777879227998
2009-03-31,0.00594815733885623
2009-04-01,0.010977627525448952
2009-04-02,0.014817172930259304
2009-04-03,0.0023516670209011714
2009-04-06,-0.005828559521786181
2009-04-07,-0.011043921206658092
2009-04-08,0.006925604318643641
2009-04-09,0.017184492375970306
2009-04-13,0.004482639907153363
2009-04-14,-0.008755138855998879
2009-04-15,0.0072925264327332595
2009-04-16,0.00457462518058005
2009-04-17,-0.0015537080070918696
2009-04-20,-0.020691555137770545
2009-04-21,0.009649146609781667
2009-04-22,-0.0024177935674620787
2009-04-23,0.007339582962190727
2009-04-24,0.007814677421079441
2009-04-27,-0.00616116651469556
2009-04-28,-0.002174863052226139
2009-04-29,0.01208836363741872
2009-04-30,0.0003191362928824937
2009-05-01,0.00040207451324203447
2009-05-04,0.021039803808286628
2009-05-05,-0.00325748415203464
2009-05-06,0.010460208611040578
2009-05-07,-0.008427404858531884
2009-05-08,0.01577537359745218
2009-05-11,-0.00891659330343908
2009-05-12,0.0005994028448648159
2009-05-13,-0.015408769152466029
2009-05-14,0.006850521190454373
2009-05-15,-0.0038899708293261837
2009-05-18,0.016935171085439515
2009-05-19,0.002313052102670188
2009-05-20,0.0006115372608002101
2009-05-21,-0.009380454453335574
2009-05-22,0.0012372237677549247
2009-05-26,0.009540035802680036
2009-05-27,-0.009574318741773946
2009-05-28,0.007100479102587043
2009-05-29,0.01201198756774513
2009-06-01,0.011015037715668807
2009-06-02,0.0024326931096421145
2009-06-03,-0.009948985849468017
2009-06-04,0.0027778919934315915
2009-06-05,-0.005176729448364559
2009-06-08,-0.004193119362095987
2009-06-09,0.005239301140133934
2009-06-10,0.00036772964993314616
2009-06-11,0.005795617198282033
2009-06-12,-0.0014708971722048325
2009-06-15,-0.014167772781294552
2009-06-16,-0.0055360156748232026
2009-06-17,-0.002686388961172903
2009-06-18,0.0006034622734845119
2009-06-19,0.0051354546880197915
2009-06-22,-0.013965952281214
2009-06-23,0.003340436519206458
2009-06-24,0.001995457207261131
2009-06-25,0.013082093859664523
2009-06-26,-5.037729309376182e-06
2009-06-29,0.004260491494083141
2009-06-30,-0.0024444037163932064
2009-07-01,0.0053051580145260235
2009-07-02,-0.013780696692213046
2009-07-06,-0.0012856302656266694
2009-07-07,-0.009781076929518573
2009-07-08,-0.000899443152343804
2009-07-09,0.0010736185299982104
2009-07-10,-0.0017518981335379324
2009-07-13,0.008133577511652224
2009-07-14,0.002839384961381919
2009-07-15,0.015337977381875811
2009-07-16,0.005863822657111495
2009-07-17,-0.00042974179459320805
2009-07-20,0.010118273226318975
2009-07-21,0.00187931098124694
2009-07-22,-0.00019680637635111076
2009-07-23,0.00969030763153067
2009-07-24,0.002163824198635478
2009-07-27,0.0017961661262355655
2009-07-28,-0.0019702000383329255
2009-07-29,-0.004739495516241976
2009-07-30,0.01013774982801019
2009-07-31,0.004472002268057551
2009-08-03,0.009065020890535846
2009-08-04,-0.0004709713364933199
2009-08-05,-0.0011537536168649831
2009-08-06,-0.003655961558149623
2009-08-07,0.0058575764640396155
2009-08-10,-0.0013533275910690978
2009-08-11,-0.005457176554385157
2009-08-12,0.004750497577434176
2009-08-13,0.007289538803567419
2009-08-14,-0.005760399997834731
2009-08-17,-0.013858916621749762
2009-08-18,0.007516698066343697
2009-08-19,0.0049780412317965705
2009-08-20,0.006836032521791546
2009-08-21,0.008619216503789051
2009-08-24,0.001288207750464121
2009-08-25,0.001365194655371882
2009-08-26,-1.6854057521942245e-05
2009-08-27,0.0007783159165792863
2009-08-28,-0.00016530106455392435
2009-08-31,-0.005640254424286839
2009-09-01,-0.012062395650904167
2009-09-02,-0.0001553395170356131
2009-09-03,0.005646111872388282
2009-09-04,0.0069947230554425754
2009-09-08,0.00793724218914238
2009-09-09,0.005875907939268954
2009-09-10,0.006072054953428108
2009-09-11,0.00034047240696866155
2009-09-14,0.0016255670938944977
2009-09-15,0.0030614238146482453
2009-09-16,0.010116270736771238
2009-09-17,-0.0016047197737111274
2009-09-18,-0.0005119594235289959
2009-09-21,-0.003460389800455266
2009-09-22,0.005912574402713977
2009-09-23,-0.004693379835037925
2009-09-24,-0.007735870579166582
2009-09-25,-0.0016172719455560536
2009-09-28,0.009173057282057195
2009-09-29,-0.001017061410464537
2009-09-30,-7.637585027497895e-05
2009-10-01,-0.012999975974920863
2009-10-02,-0.0036349283276218003
2009-10-05,0.009192559641960862
2009-10-06,0.0074370301476625045
2009-10-07,0.0024486887384014278
2009-10-08,0.005139261213504831
2009-10-09,7.812057414957607e-06
2009-10-12,0.003506733263897388
2009-10-13,0.0004950913486618802
2009-10-14,0.010043695805050712
2009-10-15,0.0006243220262374116
2009-10-16,-0.005025858016063589
2009-10-19,0.007912209165665152
2009-10-20,-0.0037310123048054367
2009-10-21,-0.0054368937991419175
2009-10-22,0.004421267825786002
2009-10-23,-0.008166999811933251
2009-10-26,-0.008419169241823066
2009-10-27,-0.001987515199904033
2009-10-28,-0.013309807485685776
2009-10-29,0.013853730765361005
2009-10-30,-0.0155688003742106
2009-11-02,0.004314513661366481
2009-11-03,0.0007866436097228036
2009-11-04,0.0028004800612562164
2009-11-05,0.010021833346269382
2009-11-06,0.0016459161126074484
2009-11-09,0.015176806480355909
2009-11-10,-0.001909464384018289
2009-11-11,0.004133164661039634
2009-11-12,-0.008852002065336428
2009-11-13,0.005296931192210419
2009-11-16,0.011131388135632303
2009-11-17,-0.00033037816676806386
2009-11-18,-0.001126468130374425
2009-11-19,-0.008673759609463816
2009-11-20,-0.0016646547712193538
2009-11-23,0.008022375931314496
2009-11-24,-0.0008236302127575534
2009-11-25,0.005019506887364189
2009-11-27,-0.01201216246843817
2009-11-30,0.002765038288167654
2009-12-01,0.00945263703798327
2009-12-02,0.0011938298426412697
2009-12-03,-0.005221404867165047
2009-12-04,0.0009646694529392708
2009-12-07,-0.0008462326204128345
2009-12-08,-0.006755940398175064
2009-12-09,-0.0001967461169632978
2009-12-10,0.000927479284281052
2009-12-11,0.002213243530522657
2009-12-14,0.005257941207189143
2009-12-15,-0.004059175524911751
2009-12-16,0.0035794393782546674
2009-12-17,-0.007446977335739846
2009-12-18,0.0016319290001882703
2009-12-21,0.0018196667251630938
2009-12-22,0.0019215019502245578
2009-12-23,0.0027023950732631974
2009-12-24,0.0020352919502413247
2009-12-28,0.0005235545491266702
2009-12-29,0.00033865204222571776
2009-12-30,4.7154946048566515e-05
2009-12-31,-0.004155207845664033
2010-01-04,0.012243897174611718
2010-01-05,0.003061115116676172
2010-01-06,0.0006345352820749106
2010-01-07,0.0013159855752253868
2010-01-08,0.003490124998295263
2010-01-11,0.0007784621831665728
2010-01-12,-0.004944392523266061
2010-01-13,0.0031407710416513357
2010-01-14,0.0023005907528952374
2010-01-15,-0.0057501921073001006
2010-01-19,0.00718701584256487
2010-01-20,-0.00796637153287183
2010-01-21,-0.01052355001332217
2010-01-22,-0.01062307793102113
2010-01-25,0.0025541819227685725
2010-01-26,-0.003434453445838148
2010-01-27,0.00036109471023237916
2010-01-28,-0.005650005632173438
2010-01-29,-0.004340409044559235
2010-02-01,0.008610174814285054
2010-02-02,0.007288903921142564
2010-02-03,-0.005128174492380455
2010-02-04,-0.017508221807321922
2010-02-05,-0.0007305670584036861
2010-02-08,-0.0064057319143014935
2010-02-09,0.009122036748131057
2010-02-10,-0.0022812450405292894
2010-02-11,0.005905704025488845
2010-02-12,-0.0018873440205623426
2010-02-16,0.010998418585342895
2010-02-17,0.0013773553896361257
2010-02-18,0.0026042524165723613
2010-02-19,-0.0010213145820935354
2010-02-22,2.2185492045467825e-05
2010-02-23,-0.006637120461353896
2010-02-24,0.004239222425883149
2010-02-25,-0.0014927003098414993
2010-02-26,0.002000484496329946
2010-03-01,0.006319992620089643
2010-03-02,0.0031931881844458054
2010-03-03,0.0018554337181622138
2010-03-04,0.0004057600376730086
2010-03-05,0.00894050113156819
2010-03-08,-0.000204216149856995
2010-03-09,0.0014816614173798204
2010-03-10,0.0026246234853328776
2010-03-11,0.0017043842106359008
2010-03-12,0.0010730008837902538
2010-03-15,-0.0015758180728898674
2010-03-16,0.006694408666646945
2010-03-17,0.00441671273122668
2010-03-18,-0.0031919616969590114
2010-03-19,-0.005410861600446681
2010-03-22,0.0036859082288340783
2010-03-23,0.0037798616251687456
2010-03-24,-0.007555139363444874
2010-03-25,-0.0015237632745354057
2010-03-26,0.0022052333932212065
2010-03-29,0.004366399794465625
2010-03-30,0.0005929446924402004
2010-03-31,0.00026750979558287646
2010-04-01,0.007263460256320631
2010-04-05,0.0019544801187005856
2010-04-06,0.002293902904511924
2010-04-07,-0.0011809194465923767
2010-04-08,0.0006499098305747797
2010-04-09,0.004636899120011417
2010-04-12,0.0011873786958027654
2010-04-13,0.00017321572825079734
2010-04-14,0.007057648562424301
2010-04-15,0.0004606790583181475
2010-04-16,-0.009882810317915047
2010-04-19,-0.0007322166083740811
2010-04-20,0.005829192787397908
2010-04-21,-0.0003712616903459587
2010-04-22,0.0002225431772324704
2010-04-23,0.003930521407156773
2010-04-26,-0.0011009362152816227
2010-04-27,-0.014532026634454187
2010-04-28,0.0024623478886336425
2010-04-29,0.009576537966369703
2010-04-30,-0.007551377386129099
2010-05-03,0.005493671982622628
2010-05-04,-0.01658612266954973
2010-05-05,-0.00612482834146133
2010-05-06,-0.018073590367579273
2010-05-07,-0.0059003803628444595
2010-05-10,0.026791824411882992
2010-05-11,-0.0028633253898865396
2010-05-12,0.007790217177258807
2010-05-13,-0.005620782301712479
2010-05-14,-0.009996185295606863
2010-05-17,-0.001095149409896301
2010-05-18,-0.0075882866286820505
2010-05-19,-0.0042373763225717065
2010-05-20,-0.020844261704506706
2010-05-21,0.010272048071790829
2010-05-24,-0.00818066236490067
2010-05-25,-0.0019356310340603589
2010-05-26,-0.002270078425085309
2010-05-27,0.021307354490392783
2010-05-28,-0.005371124079446177
2010-06-01,-0.009837239397512576
2010-06-02,0.013355001809933542
2010-06-03,0.0008591705357865465
2010-06-04,-0.01747288839168437
2010-06-07,-0.007368434641200072
2010-06-08,0.005628174981402445
2010-06-09,-0.001473487163203946
2010-06-10,0.014658623881214305
2010-06-11,0.004159899826266189
2010-06-14,0.001078542592984011
2010-06-15,0.012727268658141
2010-06-16,-0.0002489101885457812
2010-06-17,0.001739357056647739
2010-06-18,-2.789970511585249e-05
2010-06-21,0.00032306503558299227
2010-06-22,-0.007971010354149044
2010-06-23,-0.00011930801002668634
2010-06-24,-0.009243992047190508
2010-06-25,0.005117764678068681
2010-06-28,-0.001982404402753546
2010-06-29,-0.016590020036332254
2010-06-30,-0.004807289164704631
2010-07-01,-0.0006887490717445433
2010-07-02,-0.002277481355906441
2010-07-06,0.00479634208720392
2010-07-07,0.013832289419930532
2010-07-08,0.0052117409430259
2010-07-09,0.00402996063527139
2010-07-12,-0.0017289486885845307
2010-07-13,0.008297241997666127
2010-07-14,0.0006939599599560253
2010-07-15,0.0003591352130156711
2010-07-16,-0.015899776398034082
2010-07-19,0.002507192515165846
2010-07-20,0.006695183179224351
2010-07-21,-0.005622788119988287
2010-07-22,0.013581822041893066
2010-07-23,0.004583836562772836
2010-07-26,0.005757636657560461
2010-07-27,-0.0005188015877821694
2010-07-28,-0.0025574121212142975
2010-07-29,3.866150554898695e-05
2010-07-30,0.001407276974006999
2010-08-02,0.013163742069329132
2010-08-03,-0.0009194972539688928
2010-08-04,0.0012729633371306726
2010-08-05,-0.00020785051969840485
2010-08-06,-0.0007845453750920939
2010-08-09,0.0023025241772889338
2010-08-10,-0.0029308484334711338
2010-08-11,-0.017614109983212667
2010-08-12,-0.0032556286271019363
2010-08-13,-0.0003898530613877238
2010-08-16,0.003016558043784423
2010-08-17,0.0056713386331121995
2010-08-18,0.0004107244184423653
2010-08-19,-0.008219601781638719
2010-08-20,-0.002952692791106659
2010-08-23,-0.002652166317180349
2010-08-24,-0.005489224287327565
2010-08-25,0.0006304175241729215
2010-08-26,-0.0010416412200766612
2010-08-27,0.007796181553595183
2010-08-30,-0.006417594802885729
2010-08-31,0.002202164780152671
2010-09-01,0.014902445136718345
2010-09-02,0.00317438343941423
2010-09-03,0.005598041961410338
2010-09-07,-0.005316416844873273
2010-09-08,0.0026874512524719396
2010-09-09,0.0023331373688362245
2010-09-10,0.0021682709480022044
2010-09-13,0.01040237712860681
2010-09-14,0.0001666559248170163
2010-09-15,0.0006248365136887202
2010-09-16,-0.0022584161852943208
2010-09-17,-0.0014503345880084728
2010-09-20,0.009974954196677155
2010-09-21,0.0021235037698150716
2010-09-22,-0.001824279034782772
2010-09-23,-0.005109272283673749
2010-09-24,0.010438380105215916
2010-09-27,-0.0012992361202660563
2010-09-28,0.005093245641720978
2010-09-29,-0.001602302983006565
2010-09-30,-0.0014629437085412755
2010-10-01,0.004934596617483855
2010-10-04,-0.004136127769575171
2010-10-05,0.013241205416022916
2010-10-06,0.0032656940945725577
2010-10-07,-0.0020658330447966833
2010-10-08,0.005711266592841824
2010-10-11,9.802705686379198e-05
2010-10-12,-0.0006738967023348641
2010-10-13,0.00720609333302713
2010-10-14,0.0003187801469619611
2010-10-15,-0.0028212067859864076
2010-10-18,0.0032007938002025504
2010-10-19,-0.010116933650640814
2010-10-20,0.007092087275170078
2010-10-21,-0.0005935989025067645
2010-10-22,0.0011399739987496549
2010-10-25,0.003075589151658953
2010-10-26,-0.002675880248673601
2010-10-27,-0.0055862382009052025
2010-10-28,0.0027796272049338544
2010-10-29,0.001354932848201873
2010-11-01,0.0006750474872228018
2010-11-02,0.006532007324977718
2010-11-03,0.002312467091382331
2010-11-04,0.01217078766256896
2010-11-05,-0.00011471914548333295
2010-11-08,-0.0016315224061268507
2010-11-09,-0.008066679339237437
2010-11-10,0.0035068579898216434
2010-11-11,-0.0031827749905648517
2010-11-12,-0.00937763546599435
2010-11-15,-0.0036006565988725425
2010-11-16,-0.009910087763900899
2010-11-17,0.0015847236003487808
2010-11-18,0.010064610185375189
2010-11-19,0.001600550628432007
2010-11-22,-0.0009805692032801572
2010-11-23,-0.010741735931330654
2010-11-24,0.007141764461444655
2010-11-26,-0.006111408122525308
2010-11-29,6.021121139965224e-05
2010-11-30,-0.004235828053962054
2010-12-01,0.010597516506514193
2010-12-02,0.008356227255084558
2010-12-03,0.0029221330279707303
2010-12-06,0.00041634326917172615
2010-12-07,-0.00273364337279991
2010-12-08,-0.0020743382338518357
2010-12-09,0.0010567473939762095
2010-12-10,0.0017372254113410257
2010-12-13,0.003598129083214552
2010-12-14,-0.002080516661977061
2010-12-15,-0.004199151603973772
2010-12-16,0.004174875991053817
2010-12-17,0.0017256323168874932
2010-12-20,0.0009330755293999182
2010-12-21,0.005276723108812664
2010-12-22,0.001808226275213487
2010-12-23,-0.001846069922950555
2010-12-27,0.0005141484306230293
2010-12-28,-0.0016084392571084072
2010-12-29,0.0048905150005866815
2010-12-30,-0.0008195646427556769
2010-12-31,0.003046191672474219
2011-01-03,0.004816686117274704
2011-01-04,-0.00039204218911670363
2011-01-05,-0.00033416568854338635
2011-01-06,-0.0024877301959411735
2011-01-07,-0.001235606015124402
2011-01-10,-0.0003843586025049639
2011-01-11,0.0032261146572438726
2011-01-12,0.0076746158664449116
2011-01-13,-0.00031010119888752463
2011-01-14,0.0024313336071226654
2011-01-18,0.001352701231168485
2011-01-19,-0.005909102842768799
2011-01-20,-0.005267427249845857
2011-01-21,0.000866625647831798
2011-01-24,0.003630642982648924
2011-01-25,0.0006060357482891021
2011-01-26,0.0031488040175038368
2011-01-27,0.0011113599986736222
2011-01-28,-0.010715023779329313
2011-01-31,0.004339380813970228
2011-02-01,0.010605078257904577
2011-02-02,-0.0024691339540930946
2011-02-03,-0.0007291465145894405
2011-02-04,-0.0011207358134364132
2011-02-07,0.002762359178378082
2011-02-08,0.0009129443452688957
2011-02-09,-0.002876416624007283
2011-02-10,-0.0029827937190992637
2011-02-11,0.004668323762168747
2011-02-14,0.0008744714116819541
2011-02-15,-0.0009651579463262339
2011-02-16,0.00423102931004804
2011-02-17,0.0033814077560418987
2011-02-18,0.0030559563094867404
2011-02-22,-0.011601846026773943
2011-02-23,-0.0013564028793728866
2011-02-24,0.0010841647036301527
2011-02-25,0.0077323570797478425
2011-02-28,0.0030925463775912654
2011-03-01,-0.00682465173840896
2011-03-02,0.0016279253032751573
2011-03-03,0.008108416686834374
2011-03-04,-0.0013321588825819797
2011-03-07,-0.005787407048808313
2011-03-08,0.005201627565913691
2011-03-09,0.00048254286788118606
2011-03-10,-0.010960838844493725
2011-03-11,0.002589381189258333
2011-03-14,-0.003146417260698864
2011-03-15,-0.007770321189250029
2011-03-16,-0.008934874335350229
2011-03-17,0.009357647650458212
2011-03-18,0.0037512163184567626
2011-03-21,0.00868053845776684
2011-03-22,-0.0019887767665918155
2011-03-23,0.001462060561517653
2011-03-24,0.005488081956283253
2011-03-25,-0.0014698598118768613
2011-03-28,-0.0014700104296724303
2011-03-29,0.003352810710061549
2011-03-30,0.006586581026456706
2011-03-31,1.896790464805953e-05
2011-04-01,0.005312721308274204
2011-04-04,0.0025095199492335407
2011-04-05,-0.0009919087469303367
2011-04-06,0.001410800622665409
2011-04-07,-0.0012398742891972514
2011-04-08,-9.83264022967889e-05
2011-04-11,-0.0031792786596697153
2011-04-12,-0.0042428105040216435
2011-04-13,0.001516789038445543
2011-04-14,0.0006739031254126004
2011-04-15,0.004043524586196057
2011-04-18,-0.00916442124233785
2011-04-19,0.004763991026260683
2011-04-20,0.009154804526921634
2011-04-21,0.0025444502868754437
2011-04-25,-0.00037245246596462334
2011-04-26,0.005793717009533239
2011-04-27,0.002949017399577869
2011-04-28,0.0020813019833405555
2011-04-29,0.0012967240219226017
2011-05-02,0.0002553034664745102
2011-05-03,-0.004521260041475794
2011-05-04,-0.005067138241859226
2011-05-05,-0.0064370052703708325
2011-05-06,0.0027459362535291465
2011-05-09,0.003384381792022051
2011-05-10,0.004705656370748379
2011-05-11,-0.009160295482451453
2011-05-12,0.0016623416671606162
2011-05-13,-0.007018752475241197
2011-05-16,-0.00210578599469069
2011-05-17,0.0004916457032724253
2011-05-18,0.005158787034941215
2011-05-19,0.0002638185500167811
2011-05-20,-0.00509867621327853
2011-05-23,-0.009009780590149119
2011-05-24,0.0024960136912648423
2011-05-25,0.002580768986742754
2011-05-26,0.00496129379430843
2011-05-27,0.004106217802092971
2011-05-31,0.007129897167744037
2011-06-01,-0.010766291685126217
2011-06-02,-4.171493027316231e-05
2011-06-03,-0.003043487516716792
2011-06-06,-0.007072428881867099
2011-06-07,0.0023984916727597394
2011-06-08,-0.003966726929698128
2011-06-09,0.003627163724144067
2011-06-10,-0.009340673658798315
2011-06-13,3.3944347267444996e-05
2011-06-14,0.007248720346910487
2011-06-15,-0.01026298941859416
2011-06-16,-0.0004181563318151893
2011-06-17,0.002423052459413322
2011-06-20,0.0007834161069582013
2011-06-21,0.009604278786248921
2011-06-22,-0.00457572468166112
2011-06-23,-0.0003424913669957119
2011-06-24,-0.0034807554543628827
2011-06-27,0.0038477382934041238
2011-06-28,0.005165213858764339
2011-06-29,0.00598344041242993
2011-06-30,0.004999218680747042
2011-07-01,0.007435372058896439
2011-07-05,-0.0009827092933153425
2011-07-06,-0.0003239561307638583
2011-07-07,0.005783938120827337
2011-07-08,-0.003777911711332904
2011-07-11,-0.01117930879432516
2011-07-12,-0.0019346561108919413
2011-07-13,0.00516721697719591
2011-07-14,-0.006592481372050818
2011-07-15,0.003416998071858135
2011-07-18,-0.0061785937547963465
2011-07-19,0.009344560456383322
2011-07-20,0.000610394464492181
2011-07-21,0.00810528736296412
2011-07-22,0.0007343818999532292
2011-07-25,-0.003018915508095299
2011-07-26,-0.00021731366145572029
2011-07-27,-0.011199958489165662
2011-07-28,-0.0003405356430175033
2011-07-29,0.002273696398902958
2011-08-01,-0.0024838589751098317
2011-08-02,-0.012521274682182337
2011-08-03,-3.562404193180324e-05
2011-08-04,-0.027026671395421253
2011-08-05,-0.003251385016793673
2011-08-08,-0.03526964716077041
2011-08-09,0.030855531788808843
2011-08-10,-0.01994953506603525
2011-08-11,0.01761058861862419
2011-08-12,0.0042108547170522925
2011-08-15,0.010738831408301897
2011-08-16,-0.005006588680350532
2011-08-17,0.003119233038562319
2011-08-18,-0.025187483439866876
2011-08-19,-0.007052083931522013
2011-08-22,0.0003095723866455291
2011-08-23,0.01456776143267735
2011-08-24,-0.0005005489863083579
2011-08-25,-0.007338182705514895
2011-08-26,0.00852262681570215
2011-08-29,0.013763876213603421
2011-08-30,0.0015825156880091562
2011-08-31,0.004171114332536918
2011-09-01,-0.003460937999973157
2011-09-02,-0.010434573864387064
2011-09-06,-0.008749790741153674
2011-09-07,0.014713664928893255
2011-09-08,-0.0065249653264136676
2011-09-09,-0.014339149302735388
2011-09-12,0.00016288511369255687
2011-09-13,0.0030674456960864127
2011-09-14,0.005336530910702297
2011-09-15,0.008327190548989005
2011-09-16,0.0014532227369035144
2011-09-19,-0.008948486975935088
2011-09-20,-0.00028999528281914433
2011-09-21,-0.016618520394332648
2011-09-22,-0.018826131174123684
2011-09-23,0.0035265473540997405
2011-09-26,0.009406455150205995
2011-09-27,0.009484709796542257
2011-09-28,-0.01192524661187
2011-09-29,0.00643733109343092
2011-09-30,-0.015972808588515464
2011-10-03,-0.012126689724507589
2011-10-04,0.011619457246173637
2011-10-05,0.008583337310508199
2011-10-06,0.011393306983722429
2011-10-07,-0.006435320175409265
2011-10-10,0.016293566976881557
2011-10-11,0.0009296463040056047
2011-10-12,0.006164656848941519
2011-10-13,-0.0015924059866825324
2011-10-14,0.007819083496496626
2011-10-17,-0.01100149317235688
2011-10-18,0.012371607812752705
2011-10-19,-0.007758535264925204
2011-10-20,0.0005764779937258435
2011-10-21,0.010734380788119946
2011-10-24,0.010958055247699106
2011-10-25,-0.007687709165472012
2011-10-26,0.006715841580065218
2011-10-27,0.021588930369821124
2011-10-28,-0.0007426112725467116
2011-10-31,-0.01527336309908578
2011-11-01,-0.011445795609930087
2011-11-02,0.009368507648515711
2011-11-03,0.007728196991339864
2011-11-04,-0.0023252574680139304
2011-11-07,0.004029773261386538
2011-11-08,0.004493079479830353
2011-11-09,-0.02320480177398232
2011-11-10,0.005269956766995376
2011-11-11,0.010030373160871964
2011-11-14,-0.0062063162269131444
2011-11-15,0.0006471777982151039
2011-11-16,-0.010289198864417037
2011-11-17,-0.00784645922086935
2011-11-18,0.0007714806793372997
2011-11-21,-0.011877376677537743
2011-11-22,-0.0010575417630898087
2011-11-23,-0.011441308386936244
2011-11-25,-0.0027084169199282915
2011-11-28,0.018346358139147423
2011-11-29,0.0012832423439732565
2011-11-30,0.023723298287715355
2011-12-01,-0.002110561028234703
2011-12-02,0.001190362412413215
2011-12-05,0.006343203376203421
2011-12-06,-0.002027861888712068
2011-12-07,0.0016840478026689532
2011-12-08,-0.01438559460035993
2011-12-09,0.008818735536432865
2011-12-12,-0.009939321829301129
2011-12-13,-0.004835717741696666
2011-12-14,-0.005023347402043132
2011-12-15,0.0019845020225617294
2011-12-16,0.0020784684765335903
2011-12-19,-0.006325087692656495
2011-12-20,0.01721648686677857
2011-12-21,-0.00018457192508070097
2011-12-22,0.005322254303038676
2011-12-23,0.0029591437890528205
2011-12-27,-0.0020294938829724662
2011-12-28,-0.0066556648255682305
2011-12-29,0.005912695011249358
2011-12-30,-0.0008768582969740368
2012-01-03,0.01027867941244831
2012-01-04,-0.0009112523291360253
2012-01-05,-0.00012052363411485523
2012-01-06,-0.002419931614742077
2012-01-09,0.002442997942601055
2012-01-10,0.006205406846488959
2012-01-11,0.0012568431124413415
2012-01-12,0.0012374322837351848
2012-01-13,-0.002785818240964799
2012-01-17,0.0034457121684647873
2012-01-18,0.007980389934353349
2012-01-19,0.002779294244712238
2012-01-20,0.0003876285949941938
2012-01-23,0.0009044713401553661
2012-01-24,-0.00049214075096915
2012-01-25,0.0069597498036075844
2012-01-26,-0.0008730783952668464
2012-01-27,0.0014708331232275995
2012-01-30,-0.003299226715122505
2012-01-31,0.002470128797865012
2012-02-01,0.007441607295438635
2012-02-02,0.0012349040568317982
2012-02-03,0.006175560945286485
2012-02-06,-0.000612814209868362
2012-02-07,0.0003824107103942431
2012-02-08,0.0019440058174040598
2012-02-09,-0.0008923496008431675
2012-02-10,-0.005735632971771931
2012-02-13,0.005606682615536762
2012-02-14,-0.0023603131893750184
2012-02-15,-0.0005300369321102893
2012-02-16,0.006167011198026984
2012-02-17,0.0008503357417810609
2012-02-21,-0.0009689153305963982
2012-02-22,-0.00034892265527985966
2012-02-23,0.0028775137015237817
2012-02-24,0.0015766666028480536
2012-02-27,-0.0005294603688319466
2012-02-28,0.00284046217974554
2012-02-29,-0.005143934309471021
2012-03-01,0.0038481967219961
2012-03-02,-0.0032208074198614156
2012-03-05,-0.0044522840252405604
2012-03-06,-0.011399557708681396
2012-03-07,0.00583242630368952
2012-03-08,0.0073530334622933236
2012-03-09,0.002154551738301702
2012-03-12,-0.0011418965248052304
2012-03-13,0.009931912660961828
2012-03-14,-0.006243198824669727
2012-03-15,0.0046178282307915985
2012-03-16,0.0013810798588071993
2012-03-19,0.0007388702141499781
2012-03-20,-0.0045184426645845654
2012-03-21,-0.0005360150974861311
2012-03-22,-0.004679745333505569
2012-03-23,0.004017037269237855
2012-03-26,0.006931161164930089
2012-03-27,-0.001646245223620335
2012-03-28,-0.004118929658868287
2012-03-29,-0.0011184929971028712
2012-03-30,0.001503800838305036
2012-04-02,0.006600862155472509
2012-04-03,-0.0061724615778882
2012-04-04,-0.007996738987043783
2012-04-05,-0.00032427293942227653
2012-04-09,-0.004493612521102364
2012-04-10,-0.008725746569967496
2012-04-11,0.005926272859178461
2012-04-12,0.008756324364811885
2012-04-13,-0.006592244019742344
2012-04-16,0.0007647045811260966
2012-04-17,0.008064129622032068
2012-04-18,-0.0029670220109885292
2012-04-19,-0.0031556051094955295
2012-04-20,0.0029805213168909717
2012-04-23,-0.006616725477074703
2012-04-24,0.003066069662695625
2012-04-25,0.0060871165514855274
2012-04-26,0.004778720674633252
2012-04-27,0.0011097575787808456
2012-04-30,-0.0028266195807339356
2012-05-01,0.003188338444815919
2012-05-02,-0.0018658868811598506
2012-05-03,-0.0047873699905018885
2012-05-04,-0.007869785525682294
2012-05-07,0.001589789564385491
2012-05-08,-0.003650982090800059
2012-05-09,-0.004608031104096466
2012-05-10,0.0018640547395498697
2012-05-11,-0.002729644892384586
2012-05-14,-0.00653843828992684
2012-05-15,-0.003775439578796891
2012-05-16,-0.004624341844213786
2012-05-17,-0.0070456754265024735
2012-05-18,-0.0034065361407161765
2012-05-21,0.009771586167711455
2012-05-22,-0.0016010865112687789
2012-05-23,-0.0009431747086123821
2012-05-24,-0.0007204623417128575
2012-05-25,-0.0008739613126413914
2012-05-29,0.006599498934008796
2012-05-30,-0.007529424416828134
2012-05-31,0.001967768375253698
2012-06-01,-0.011913003470332972
2012-06-04,-0.000258424100435084
2012-06-05,0.003595947565404156
2012-06-06,0.011288728106245927
2012-06-07,0.0002442907896187396
2012-06-08,0.0019551858642441466
2012-06-11,-0.006906178227645943
2012-06-12,0.006286146145589644
2012-06-13,-0.0029936148904929905
2012-06-14,0.004637427298415764
2012-06-15,0.008050421926059093
2012-06-18,-2.4290293763051807e-05
2012-06-19,0.006519191496922261
2012-06-20,-0.0004899055872156222
2012-06-21,-0.01405970616009955
2012-06-22,0.0023926922650439053
2012-06-25,-0.008172714898485478
2012-06-26,0.0027996311744538094
2012-06-27,0.005328620902033787
2012-06-28,-6.272452176658838e-06
2012-06-29,0.015016423697934433
2012-07-02,0.0024102879224752183
2012-07-03,0.005709385528281485
2012-07-05,-0.0038612366538814946
2012-07-06,-0.004908534324813751
2012-07-09,-0.001035129529889045
2012-07-10,-0.0038095920382750226
2012-07-11,0.0006346542826045631
2012-07-12,-0.0034859529061662675
2012-07-13,0.008347080376932325
2012-07-16,-0.0005338990964987023
2012-07-17,0.003056460881859513
2012-07-18,0.00284228996133562
2012-07-19,0.0018992363806145107
2012-07-20,-0.005906260882665215
2012-07-23,-0.007977950514898136
2012-07-24,-0.004556987027054982
2012-07-25,0.001043995040678647
2012-07-26,0.009484435879208775
2012-07-27,0.009983835639717942
2012-07-30,-8.277417861168868e-05
2012-07-31,-0.0019270058782483446
2012-08-01,-0.0014015449422407622
2012-08-02,-0.004799079096086789
2012-08-03,0.012413475766311688
2012-08-06,0.0024521987572998505
2012-08-07,0.002435891704092752
2012-08-08,-5.672517242583108e-05
2012-08-09,0.0004984501803164676
2012-08-10,0.0011619135861915542
2012-08-13,-0.002046333748933149
2012-08-14,-0.001267605545338224
2012-08-15,-0.001785309033725424
2012-08-16,0.004070147326609819
2012-08-17,0.0009473710406766589
2012-08-20,-0.00033419888910335427
2012-08-21,0.0002983970598602337
2012-08-22,0.0015394848870313727
2012-08-23,-0.0027566725167712525
2012-08-24,0.0013677806513530122
2012-08-27,2.780889817377563e-05
2012-08-28,0.0005175393716572163
2012-08-29,-0.0010758844048026628
2012-08-30,-0.005287723096388586
2012-08-31,0.004931282880471732
2012-09-04,-0.001309781854529013
2012-09-05,-0.0001285967497934859
2012-09-06,0.009625346642670563
2012-09-07,0.006444838846051182
2012-09-10,-0.003020590250326416
2012-09-11,0.003256174849602056
2012-09-12,0.0011434671146974829
2012-09-13,0.011372964969246446
2012-09-14,0.00494529495263607
2012-09-17,-0.0038328532723952424
2012-09-18,-0.0016612271234349718
2012-09-19,0.0011408697301709125
2012-09-20,-0.00271548821266121
2012-09-21,0.0005628548988714233
2012-09-24,-0.0010274816592559244
2012-09-25,-0.005519647212560486
2012-09-26,-0.0029460904890327155
2012-09-27,0.005722340069901133
2012-09-28,-0.004385934177020379
2012-10-01,0.0029667242323498932
2012-10-02,0.002297963349474186
2012-10-03,0.00010675953040895081
2012-10-04,0.005549251682632095
2012-10-05,-0.0004909301372456598
2012-10-08,-0.0017466449715443089
2012-10-09,-0.006001799257587592
2012-10-10,-0.003006603237509675
2012-10-11,0.0021459261330871726
2012-10-12,-0.0025293451194285943
2012-10-15,0.004042318599851713
2012-10-16,0.004705726450904724
2012-10-17,0.0032550280467216197
2012-10-18,-0.000857760309485478
2012-10-19,-0.007434087562966818
2012-10-22,0.0010011202074793335
2012-10-23,-0.007674514975058111
2012-10-24,-0.0011962553199448278
2012-10-25,0.0018703172403848889
2012-10-26,-0.00012011301880154868
2012-10-31,0.001979066451776257
2012-11-01,0.005863893411767185
2012-11-02,-0.004942649525423781
2012-11-05,0.0012653415039407534
2012-11-06,0.0038457860710472414
2012-11-07,-0.00934175640916024
2012-11-08,-0.004477105786731106
2012-11-09,-0.0006485466481095381
2012-11-12,0.0008356409100034323
2012-11-13,-0.00298027058849637
2012-11-14,-0.00742368303799068
2012-11-15,-0.0003723826908744732
2012-11-16,0.0022218331102090705
2012-11-19,0.009668769749820783
2012-11-20,-0.0003599189989503815
2012-11-21,0.00022324365407899727
2012-11-23,0.007663566857893711
2012-11-26,0.00012749453671911937
2012-11-27,-0.002807669671795354
2012-11-28,0.004481892519046182
2012-11-29,0.004002591024795832
2012-11-30,0.0005882106624919281
2012-12-03,-0.00018017060691255526
2012-12-04,0.00032129072446118734
2012-12-05,0.002819703887141145
2012-12-06,0.0024922395486184357
2012-12-07,0.0011069975167037338
2012-12-10,0.0015724119958440141
2012-12-11,0.0021343634452959392
2012-12-12,-4.388324539594812e-05
2012-12-13,-0.0033643880769095302
2012-12-14,0.0004432877347071429
2012-12-17,0.003730991541448292
2012-12-18,0.0049389633154057755
2012-12-19,-0.0010830284712348703
2012-12-20,0.0036413816778404495
2012-12-21,-0.0038244224005548055
2012-12-24,-0.001888351536079469
2012-12-26,-0.0009318523041847993
2012-12-27,0.0009675463849834198
2012-12-28,-0.004439307693406835
2012-12-31,0.007227960351110951
2013-01-02,0.011642476948825031
2013-01-03,-0.003989191821439642
2013-01-04,0.0028137706509479
2013-01-07,-0.0014371316232345555
2013-01-08,-0.002166135091102195
2013-01-09,0.002576475549433299
2013-01-10,0.00426413569705697
2013-01-11,-0.00035055513613069245
2013-01-14,0.0006784220344284719
2013-01-15,0.000520861539577977
2013-01-16,-0.0010159054839624648
2013-01-17,0.0033363690331713602
2013-01-18,0.0016911742680936204
2013-01-22,0.0022441658390794927
2013-01-23,-0.0005025407073977473
2013-01-24,0.0010220807513652286
2013-01-25,0.0017130495861372719
2013-01-28,-0.0017061578356584173
2013-01-29,0.002757449924472244
2013-01-30,-0.0017578973623003646
2013-01-31,0.00037523491417412735
2013-02-01,0.0034781345446479595
2013-02-04,-0.005145922228886879
2013-02-05,0.0029187826525927107
2013-02-06,0.0009577054182436928
2013-02-07,-0.002688107490060876
2013-02-08,0.003194825523608058
2013-02-11,-0.0005090057544441251
2013-02-12,0.002001818430621194
2013-02-13,0.0004876138626070947
2013-02-14,0.00025280288922147065
2013-02-15,-0.0018065030606029264
2013-02-19,0.004076531353910395
2013-02-20,-0.006789684706155152
2013-02-21,-0.004946252187939759
2013-02-22,0.006057059361625816
2013-02-25,-0.009451122416995195
2013-02-26,0.0029228430961021346
2013-02-27,0.006787614006054543
2013-02-28,-0.0003077394824483326
2013-03-01,0.001976425739002252
2013-03-04,0.00032936669283989417
2013-03-05,0.005407623387525096
2013-03-06,0.0008040589804896303
2013-03-07,0.0004990166759641923
2013-03-08,0.00221086878537724
2013-03-11,0.0007069471285121587
2013-03-12,-0.0015999287804308038
2013-03-13,-0.00017511192605601522
2013-03-14,0.004368942542345433
2013-03-15,-0.0004068742588498875
2013-03-18,-0.0036314455637943555
2013-03-19,-0.0017404140834919035
2013-03-20,0.0029210227742133554
2013-03-21,-0.004577292989320081
2013-03-22,0.003637388024292365
2013-03-25,-0.002513673592615784
2013-03-26,0.0044005972151648365
2013-03-27,0.0006723286523051542
2013-03-28,0.001546282890402484
2013-04-01,-0.004132746931904574
2013-04-02,0.0016637798193435138
2013-04-03,-0.005024139402408867
2013-04-04,0.0040776603742556095
2013-04-05,-0.0004683627928279144
2013-04-08,0.0017969031819642378
2013-04-09,0.0019278308289161217
2013-04-10,0.005385782211271728
2013-04-11,0.002985860012850061
2013-04-12,-0.001821548451142907
2013-04-15,-0.013592932146639702
2013-04-16,0.0078441100103952
2013-04-17,-0.009321573045761533
2013-04-18,-0.0038246453769521516
2013-04-19,0.006163293264698
2013-04-22,0.00276214489608706
2013-04-23,0.00622201133771072
2013-04-24,0.0031265257355650444
2013-04-25,0.002954608959872207
2013-04-26,-0.0006897931639445742
2013-04-29,0.004057665226272489
2013-04-30,0.0023567446859575902
2013-05-01,-0.005832727389255998
2013-05-02,0.004135872187712719
2013-05-03,0.004278234709350404
2013-05-06,0.0009057389455782161
2013-05-07,0.0029532486936814095
2013-05-08,0.003026553172213342
2013-05-09,-0.003385684938007616
