2004-01-02,0.0
2004-01-05,0.007492425354804988
2004-01-06,0.0020233982011992335
2004-01-07,1.5895901046780736e-05
2004-01-08,0.0025055339802646515
2004-01-09,-6.806380902946163e-05
2004-01-12,0.0016639330553180898
2004-01-13,-0.0006070638864653644
2004-01-14,0.003442930371773567
2004-01-15,-0.00046489616471701023
2004-01-16,0.0009644738977825362
2004-01-20,0.0039695166471820365
2004-01-21,0.004527203942330749
2004-01-22,9.047376273341179e-05
2004-01-23,-0.004184422783963582
2004-01-26,0.0027520571513941494
2004-01-27,-0.0022940246165279454
2004-01-28,-0.008476426412471816
2004-01-29,-0.00040770747962193266
2004-01-30,0.0007769527145973232
2004-02-02,0.0009304427764298406
2004-02-03,8.075463485468504e-06
2004-02-04,-0.00517397765391725
2004-02-05,0.0005758629057763809
2004-02-06,0.009749406638630331
2004-02-09,0.0018874831103075085
2004-02-10,0.001923320403162787
2004-02-11,0.00677663955961938
2004-02-12,-0.0028355417843036745
2004-02-13,0.0002441553810264008
2004-02-17,0.005820545541584288
2004-02-18,-0.0040621050972433626
2004-02-19,-0.0015456707057910357
2004-02-20,-0.004041713102704514
2004-02-23,-0.0007486867667684249
2004-02-24,-0.0005970173336193874
2004-02-25,0.002729065837709488
2004-02-26,0.0013728261543226594
2004-02-27,0.004234939402598226
2004-03-01,0.007816114477885439
2004-03-02,-0.004554311065445904
2004-03-03,-0.0005330133932879288
2004-03-04,0.002550811363315919
2004-03-05,0.005816861463075362
2004-03-08,-0.003215528558370484
2004-03-09,-0.0018798628913242466
2004-03-10,-0.010490242165339891
2004-03-11,-0.007667407205795507
2004-03-12,0.006238058004097269
2004-03-15,-0.007532656491593737
2004-03-16,0.00518356771004469
2004-03-17,0.008215382598106169
2004-03-18,-0.0005063542500313156
2004-03-19,-0.006809988049242266
2004-03-22,-0.006136323446198744
2004-03-23,0.0018853802437999168
2004-03-24,-0.0012772539263992133
2004-03-25,0.007113844620426413
2004-03-26,-0.0014347176366255043
2004-03-29,0.005150379129874372
2004-03-30,0.0034005645023704734
2004-03-31,0.0028395794011066844
2004-04-01,0.002250350653233868
2004-04-02,-0.0010667598375725396
2004-04-05,0.0004167659557068326
2004-04-06,-0.0002978876007456721
2004-04-07,-0.002555575909564456
2004-04-08,-0.0008941517175008462
2004-04-12,0.0018154338837741424
2004-04-13,-0.009243469261370096
2004-04-14,-0.004494841927342952
2004-04-15,-0.0017215639129072313
2004-04-16,0.005441684313383988
2004-04-19,9.796230760694691e-05
2004-04-20,-0.0098348364395614
2004-04-21,0.0027061754073263167
2004-04-22,0.006375257801533696
2004-04-23,-0.0033674412582487268
2004-04-26,-0.000612285393019496
2004-04-27,0.001929613707969402
2004-04-28,-0.011497583769541686
2004-04-29,-0.007610777295915083
2004-04-30,-0.0033061764036238506
2004-05-03,0.004128020035417901
2004-05-04,0.0030219436688700974
2004-05-05,0.0026851098545839225
2004-05-06,-0.008017070401309168
2004-05-07,-0.013506834235599507
2004-05-10,-0.010565665588624484
2004-05-11,0.007002785117146804
2004-05-12,0.003092547697936432
2004-05-13,-0.0019957002974265725
2004-05-14,-0.00018358859957334772
2004-05-17,-0.004465412825248705
2004-05-18,0.00549466651805397
2004-05-19,0.001606427950552547
2004-05-20,0.002234011259304891
2004-05-21,0.0013627905926514305
2004-05-24,0.004594659739739937
2004-05-25,0.008419959475340466
2004-05-26,0.0015102422683916927
2004-05-27,0.005521203603298996
2004-05-28,-0.0007962837036502579
2004-06-01,-0.0016319068433030548
2004-06-02,0.00010478122713464266
2004-06-03,-0.006290554787979907
2004-06-04,0.0036589875468180377
2004-06-07,0.010041795999211844
2004-06-08,-0.002337948755364083
2004-06-09,-0.0077341509426410715
2004-06-10,0.003172420012298449
2004-06-14,-0.010807035714879065
2004-06-15,0.009249214820894469
2004-06-16,-0.0007009857278973408
2004-06-17,0.002062682078658451
2004-06-18,0.0006814377438844055
2004-06-21,-0.00047472294786732316
2004-06-22,0.0015731479674117033
2004-06-23,0.004862480919667345
2004-06-24,0.0008197319472187381
2004-06-25,-0.0001686647210851211
2004-06-28,-0.003393177330355046
2004-06-29,0.002406757545899252
2004-06-30,0.00621599518623861
2004-07-01,-0.005223157079902174
2004-07-02,0.003267149120916857
2004-07-06,-0.006145860638214762
2004-07-07,0.0021016186575160134
2004-07-08,-0.004605952888426579
2004-07-09,0.0021691142778148542
2004-07-12,0.0004026331118858195
2004-07-13,-0.0008528323716227026
2004-07-14,-0.0020515429886879266
2004-07-15,-0.0022792267131633848
2004-07-16,0.0024694347028717534
2004-07-19,-0.00021656695723881736
2004-07-20,0.0009194110240946518
2004-07-21,-0.008728642211783266
2004-07-22,0.001146873665347492
2004-07-23,-0.0053144200786408025
2004-07-26,-0.0024837636374972494
2004-07-27,0.0024874854468559526
2004-07-28,0.0016566085617433224
2004-07-29,0.0033540870340909024
2004-07-30,0.0023474542554313693
2004-08-02,0.0015657922414678005
2004-08-03,-0.0021667236153338765
2004-08-04,-0.0008513074025987555
2004-08-05,-0.00651437711736258
2004-08-06,-0.001327634901287067
2004-08-09,0.00027581879138471876
2004-08-10,0.003766499187162431
2004-08-11,-0.0003336590876643619
2004-08-12,-0.003759724490037586
2004-08-13,0.0024726154444658643
2004-08-16,0.0045331082287261015
2004-08-17,0.002663827365126048
2004-08-18,0.0041850475606965976
2004-08-19,0.0002775432527155619
2004-08-20,0.0032015323468888024
2004-08-23,-0.0029898969374695383
2004-08-24,-0.0006310222970962176
2004-08-25,0.004356392483956695
2004-08-26,0.0009584480442250687
2004-08-27,0.0014306958156049543
2004-08-30,-0.0023113238674412617
2004-08-31,0.005124522103698181
2004-09-01,0.00023555554368526188
2004-09-02,0.004322492681720691
2004-09-03,-0.004081177583572737
2004-09-07,0.004141108831179796
2004-09-08,-0.0004829116938939171
2004-09-09,0.00012356285446557536
2004-09-10,0.0031043317786882962
2004-09-13,0.0020162746555947297
2004-09-14,0.0008374102285511054
2004-09-15,-0.004916536764212109
2004-09-16,0.004447356685547188
2004-09-17,0.000571040063070738
2004-09-20,-0.0007455613281653894
2004-09-21,0.004205834023363941
2004-09-22,-0.005261824852062502
2004-09-23,-0.0026366405955193795
2004-09-24,0.0007543715201809853
2004-09-27,-0.0014461041344717707
2004-09-28,0.004486049751297294
2004-09-29,0.0002534074902860173
2004-09-30,0.0018288698589030705
2004-10-01,0.006995323320472258
2004-10-04,0.0013704446027440476
2004-10-05,0.00035739384278676845
2004-10-06,0.0014889807294240498
2004-10-07,-0.0038570008040865744
2004-10-08,0.0007343661859808837
2004-10-11,0.0019225046285378244
2004-10-12,-0.0028462896212385624
2004-10-13,-0.0039248004127229175
2004-10-14,-0.0038277491496424565
2004-10-15,0.003998762763585129
2004-10-18,0.0020024674352898675
2004-10-19,-0.003986082154581627
2004-10-20,0.0014553495520770454
2004-10-21,0.0032819020360621565
2004-10-22,-0.003711822620566796
2004-10-25,0.0010439018810821654
2004-10-26,0.005880247859816556
2004-10-27,0.0030968589450333095
2004-10-28,0.0012792409359958512
2004-10-29,0.00213423582211969
2004-11-01,3.0087902258335575e-05
2004-11-02,0.00180605062354533
2004-11-03,0.006642717192692382
2004-11-04,0.007105595825831035
2004-11-05,7.280811177001745e-05
2004-11-08,-0.0027565031035224896
2004-11-09,0.00019031764910826254
2004-11-10,-5.688121539204616e-05
2004-11-11,0.005687237840633186
2004-11-12,0.005703894970218393
2004-11-15,0.0013329798175214513
2004-11-16,-0.004311721741664831
2004-11-17,0.005922662958642189
2004-11-18,0.0006452434701311738
2004-11-19,-0.006266443243880482
2004-11-22,0.004681338990634609
2004-11-23,0.000891621066518189
2004-11-24,0.003484874551504147
2004-11-26,0.0006380579735714154
2004-11-29,-0.001883079460755721
2004-11-30,-0.000990270655373382
2004-12-01,0.005420889274737162
2004-12-02,-0.0018838719631653067
2004-12-03,0.003844533665058103
2004-12-06,-0.0004262033272628418
2004-12-07,-0.005521186383166232
2004-12-08,0.002850784538630524
2004-12-09,-0.0009198968578916222
2004-12-10,-0.0013396899953347363
2004-12-13,0.0063425214471743985
2004-12-14,0.002458962149053834
2004-12-15,0.004770212271401952
2004-12-16,-0.004036853950900032
2004-12-17,-0.0018279026359352413
2004-12-20,0.002284742141317686
2004-12-21,0.00616005391956187
2004-12-22,0.00046815851225257
2004-12-23,0.0016801233950090033
2004-12-27,-0.0013828241100322103
2004-12-28,0.003610495463766128
2004-12-29,-0.0003667736804786603
2004-12-30,-6.798810786134979e-06
2004-12-31,0.0020691427869632406
2005-01-03,-0.004493036945963147
2005-01-04,-0.010994774850817679
2005-01-05,-0.003796375433650967
2005-01-06,0.0019414319375754552
2005-01-07,-0.0022084262675748922
2005-01-10,0.002072532461130372
2005-01-11,-0.00249663769692543
2005-01-12,0.0036738663731052945
2005-01-13,-0.002488174766384299
2005-01-14,0.0035091745335809055
2005-01-18,0.003532558430035637
2005-01-19,-0.005228474018185492
2005-01-20,-0.003652990564930625
2005-01-21,7.66981716848747e-05
2005-01-24,-0.0007790339255473455
2005-01-25,-0.0007574013538862445
2005-01-26,0.004982355912452441
2005-01-27,0.0006124988307998347
2005-01-28,-0.0002769253822949569
2005-01-31,0.004928854267143512
2005-02-01,0.0028567162041905902
2005-02-02,0.0017124411580340393
2005-02-03,-0.0026216815499225943
2005-02-04,0.007621828464106084
2005-02-07,-0.00034102680198599966
2005-02-08,0.0018892886531047814
2005-02-09,-0.0018908721453210209
2005-02-10,0.0011744832165716534
2005-02-11,0.004202836912153174
2005-02-14,0.002563471768592951
2005-02-15,0.000712503812688281
2005-02-16,-0.0018059067357057978
2005-02-17,-0.0025070532880551166
2005-02-18,0.0004330794687736894
2005-02-22,-0.006248128969932654
2005-02-23,0.002767976662723104
2005-02-24,0.002933262899534661
2005-02-25,0.006230488368916154
2005-02-28,-0.0038188081767641657
2005-03-01,0.003245374350045349
2005-03-02,-0.0020521385667081615
2005-03-03,0.0011531243973610383
2005-03-04,0.007645791611908148
2005-03-07,0.0014708575406581215
2005-03-08,-0.0030103250688565675
2005-03-09,-0.006054546118178128
2005-03-10,-0.000815720908319495
2005-03-11,-0.00289587227593302
2005-03-14,0.0015249910214343299
2005-03-15,-0.004689941772738515
2005-03-16,-0.0017614943289789853
2005-03-17,0.002350984812740542
2005-03-18,-0.001969626425808668
2005-03-21,-0.003397454277952572
2005-03-22,-0.007546477868684787
2005-03-23,-0.003288309976579473
2005-03-24,0.0008443827441317886
2005-03-28,-0.00023162976437940408
2005-03-29,-0.004971892506080655
2005-03-30,0.007793047897411753
2005-03-31,0.00315726432699992
2005-04-01,-0.0009583966755879469
2005-04-04,0.0012737663884623274
2005-04-05,0.0008976286120108146
2005-04-06,0.002654849900805223
2005-04-07,0.001878512390198539
2005-04-08,-0.0035705048557866936
2005-04-11,0.0006364925168269586
2005-04-12,0.004385876963484359
2005-04-13,-0.006317108444799935
2005-04-14,-0.007363245001406504
2005-04-15,-0.006750790496764969
2005-04-18,0.001663990573416374
2005-04-19,0.007623457165713665
2005-04-20,-0.007671518532543553
2005-04-21,0.0077954400922808365
2005-04-22,-0.001621260626964105
2005-04-25,0.0045767553232862745
2005-04-26,-0.00638876433373603
2005-04-27,0.00046313614584980733
2005-04-28,-0.005146893320410961
2005-04-29,0.005955394865948094
2005-05-02,0.002601902365416242
2005-05-03,0.0008649539609226764
2005-05-04,0.005826816739254115
2005-05-05,0.00042330709377180753
2005-05-06,-0.0017458270290549027
2005-05-09,0.0029731289102405967
2005-05-10,-0.005750428839955912
2005-05-11,0.002597533678231345
2005-05-12,-0.0067928680710069855
2005-05-13,-0.002794033357570891
2005-05-16,0.004378950028913975
2005-05-17,0.0032984859863376403
2005-05-18,0.006510926379981186
2005-05-19,0.0013524667450981465
2005-05-20,-0.00019463510590156385
2005-05-23,0.0029243223614789926
2005-05-24,0.00023420580354382992
2005-05-25,-0.0027679127380342283
2005-05-26,0.002107955961406116
2005-05-27,0.00241620106796403
2005-05-31,-0.0018950761053918574
2005-06-01,0.007267997729615727
2005-06-02,0.001288723737091102
2005-06-03,-0.004381097844411208
2005-06-06,0.002032828144073351
2005-06-07,0.0011499760405671022
2005-06-08,-0.0020070040102038167
2005-06-09,0.0023949354946875
2005-06-10,-0.0019770945738126766
2005-06-13,0.000149134338258472
2005-06-14,0.001031133867295475
2005-06-15,0.002215634927567711
2005-06-16,0.003667189447033037
2005-06-17,0.004361963774421218
2005-06-20,-0.0018589918714021492
2005-06-21,0.0005007508074150735
2005-06-22,0.002394383901757724
2005-06-23,-0.006499291298615706
2005-06-24,-0.0023580360929468247
2005-06-27,0.0013065179320079778
2005-06-28,0.0036100716868592286
2005-06-29,-0.0014183332421516814
2005-06-30,-0.0007550538979945731
2005-07-01,-0.0006520735478173778
2005-07-05,0.0017214197465735825
2005-07-06,-0.00258112163142743
2005-07-07,0.0008573749849274392
2005-07-08,0.0053426412802413115
2005-07-11,0.004463957619330605
2005-07-12,0.0017606532432534738
2005-07-13,-0.0012708884377049534
2005-07-14,-0.0007906134052535485
2005-07-15,-0.0008798592740320021
2005-07-18,-0.002720055373389485
2005-07-19,0.00436073733297504
2005-07-20,0.0031130501364233787
2005-07-21,-0.003327665357650944
2005-07-22,0.003923501865312984
2005-07-25,-0.0032126068588810286
2005-07-26,0.0012363385068288046
2005-07-27,0.002867011544203102
2005-07-28,0.004564746248975071
2005-07-29,-0.0031761635028191293
2005-08-01,0.0016214551067015304
2005-08-02,0.003685505620227625
2005-08-03,0.0021217084120646046
2005-08-04,-0.00471524016567848
2005-08-05,-0.006345127332980427
2005-08-08,-0.0007330589045040359
2005-08-09,0.004944250696478303
2005-08-10,0.0018662431423173143
2005-08-11,0.004824452742135721
2005-08-12,-0.002340459568392461
2005-08-15,0.002332552950583544
2005-08-16,-0.00601043422859926
2005-08-17,-0.0011160834128574049
2005-08-18,-0.0022165460084945243
2005-08-19,0.0017165803981282757
2005-08-22,0.0025997908361892197
2005-08-23,-0.0009852533556247156
2005-08-24,-0.004151763088259264
2005-08-25,0.0028535914455698475
2005-08-26,-0.003394101038076025
2005-08-29,0.0031579915075596876
2005-08-30,-0.0004826074434618466
2005-08-31,0.010114536635144722
2005-09-01,0.004031522827901091
2005-09-02,0.0001920259089986942
2005-09-06,0.004625465080114077
2005-09-07,0.0003737878475722489
2005-09-08,-0.002513973719889817
2005-09-09,0.005869803502638327
2005-09-12,-0.001646673561216061
2005-09-13,-0.0030667285649434994
2005-09-14,-0.0017155496571669149
2005-09-15,-0.00015975109550536715
2005-09-16,0.004857790527372785
2005-09-19,-0.0016438110161712816
2005-09-20,-0.0045120836752789995
2005-09-21,-0.0013769632109718044
2005-09-22,0.00020360517340556328
2005-09-23,-0.0010107909082746058
2005-09-26,0.0019212389516978234
2005-09-27,-0.0009350710866159462
2005-09-28,0.003153339339120098
2005-09-29,0.00608040774431462
2005-09-30,-0.0005385762882276213
2005-10-03,-0.0013980512976714543
2005-10-04,-0.006005217204518409
2005-10-05,-0.009153462401187085
2005-10-06,-0.00513392501929999
2005-10-07,0.004100128429457728
2005-10-10,-0.0038213554472114053
2005-10-11,-0.0017426010558510008
2005-10-12,-0.006962132299009882
2005-10-13,-0.0014179616920875215
2005-10-14,0.005587809950478029
2005-10-17,0.0005360406934424855
2005-10-18,-0.006450809349113351
2005-10-19,0.0073250251563077295
2005-10-20,-0.011140176199961993
2005-10-21,0.005018460918442269
2005-10-24,0.008813471500940695
2005-10-25,-0.003826426455806664
2005-10-26,-0.0019365681745230345
2005-10-27,-0.00490449514536373
2005-10-28,0.008427622069802965
2005-10-31,0.0038494555483588044
2005-11-01,0.0030316269179004873
2005-11-02,0.006603382376856093
2005-11-03,0.00015874858703601724
2005-11-04,-0.0020087982437148044
2005-11-07,0.002098833767336883
2005-11-08,-0.0008893134175605999
2005-11-09,0.0003218290261635115
2005-11-10,0.0031716129707330953
2005-11-11,0.002722371812908353
2005-11-14,-0.0035419309822899425
2005-11-15,-0.0020694574966381163
2005-11-16,0.0021268297234475764
2005-11-17,0.007580363099296772
2005-11-18,0.002479737667237192
2005-11-21,0.002506192490827841
2005-11-22,0.0033612743554756186
2005-11-23,0.0018333967418842079
2005-11-25,0.00012292038972061547
2005-11-28,-0.0027663656277063797
2005-11-29,-0.0015460813336894974
2005-11-30,-0.0027052473568172086
2005-12-01,0.008060555998395946
2005-12-02,0.0007537777402508716
2005-12-05,-0.00015035227053183942
2005-12-06,0.0023170374147150063
2005-12-07,-0.0042456841952390745
2005-12-08,0.0009696380295156626
2005-12-09,0.002201626397442702
2005-12-12,0.0025937838667275948
2005-12-13,0.004152199082420482
2005-12-14,0.0016701176216580293
2005-12-15,-0.0030452975979115005
2005-12-16,0.000712831257272617
2005-12-19,-0.003391383745449339
2005-12-20,0.0005879326713640332
2005-12-21,0.0029422153648033245
2005-12-22,0.0031383138503364716
2005-12-23,0.0016632830698892764
2005-12-27,-0.00518995417416146
2005-12-28,0.0011575120001059425
2005-12-29,-0.0008053852609740675
2005-12-30,-0.002417723570448227
2006-01-03,0.01366390540411122
2006-01-04,0.0041002051569998255
2006-01-05,-0.0011662173206408166
2006-01-06,0.00635458792034882
2006-01-09,0.002663585427092885
2006-01-10,-0.0023360530199784124
2006-01-11,0.002505620476569881
2006-01-12,-0.003095721066497137
2006-01-13,0.0019449970173026632
2006-01-17,-0.0038948995225330796
2006-01-18,-0.0028953906307825905
2006-01-19,0.005624613492817954
2006-01-20,-0.00916597687868359
2006-01-23,0.00478284957829711
2006-01-24,0.002867847725817274
2006-01-25,-0.001202461760941853
2006-01-26,0.006342925078997919
2006-01-27,0.004115882158351347
2006-01-30,0.00017865436637598542
2006-01-31,-0.0003346941239213974
2006-02-01,0.0012672976407994696
2006-02-02,-0.006838320399220277
2006-02-03,-0.002023106881292147
2006-02-06,0.0029273093563657593
2006-02-07,-0.007156476095724007
2006-02-08,0.0026850158798625845
2006-02-09,0.00014115168416450885
2006-02-10,-0.0006464372321353107
2006-02-13,-0.0042097274778066796
2006-02-14,0.006042930459797979
2006-02-15,-0.00011824394188175713
2006-02-16,0.00678177245186018
2006-02-17,0.0007988419614191056
2006-02-21,-0.001994916039963046
2006-02-22,0.004936531806337019
2006-02-23,-0.001269782866571867
2006-02-24,0.0017886720283657453
2006-02-27,0.0015043909423517743
2006-02-28,-0.005954610835080532
2006-03-01,0.00651105628158799
2006-03-02,-0.0005039743543544528
2006-03-03,-0.0033044116938945045
2006-03-06,-0.005457853944039637
2006-03-07,-0.0061206406402740665
2006-03-08,0.0011405103284418683
2006-03-09,-0.002777066761831204
2006-03-10,0.00631598763111918
2006-03-13,0.002220631830750497
2006-03-14,0.00894394674861232
2006-03-15,0.0029927313946083167
2006-03-16,0.00224491126548787
2006-03-17,0.0013309638646781252
2006-03-20,-0.00020838303875925224
2006-03-21,-0.006895134204272124
2006-03-22,0.0049306450181783035
2006-03-23,-0.0029255910615706426
2006-03-24,0.004048860470048821
2006-03-27,-0.0014079939595471602
2006-03-28,-0.005818689660054499
2006-03-29,0.006375698948868358
2006-03-30,0.000726841941673273
2006-03-31,-0.00122768665885864
2006-04-03,0.0032433710780896963
2006-04-04,0.003715295059407042
2006-04-05,0.0036036253959343956
2006-04-06,-0.0012518742554322726
2006-04-07,-0.007695124077955362
2006-04-10,0.0001762336447428403
2006-04-11,-0.003878663513280589
2006-04-12,5.652339448936061e-05
2006-04-13,-0.000544961079944839
2006-04-17,0.0021073769348314286
2006-04-18,0.01358458724417999
2006-04-19,0.0029289722813039543
2006-04-20,-0.0016759667498587039
2006-04-21,0.0023475991573147503
2006-04-24,-0.0021139400452342416
2006-04-25,-0.004111860895347097
2006-04-26,0.0027745254516293727
2006-04-27,0.001032672255789402
2006-04-28,0.0031411917358377117
2006-05-01,-0.0030740663580975935
2006-05-02,0.007248134062131539
2006-05-03,-0.002193277123200277
2006-05-04,0.002977601375526273
2006-05-05,0.007272370334471034
2006-05-08,0.00039437397334318725
2006-05-09,0.0013016778919958671
2006-05-10,-0.0006183437815636683
2006-05-11,-0.0066468775426747895
2006-05-12,-0.008786621790728977
2006-05-15,-0.001950779390530455
2006-05-16,0.0005050463946743022
2006-05-17,-0.012424859048400405
2006-05-18,-0.0014115427538993197
2006-05-19,0.003576181700814196
2006-05-22,-0.006297508642566507
2006-05-23,-0.0028388490529515087
2006-05-24,0.0005793271821448176
2006-05-25,0.007891723485991875
2006-05-26,0.003635467081988697
2006-05-30,-0.010243738539033376
2006-05-31,0.004747726677762021
2006-06-01,0.0063618528387321405
2006-06-02,0.004934536450852844
2006-06-05,-0.011190790785984173
2006-06-06,-0.0034533209521345754
2006-06-07,-0.005549022420657801
2006-06-08,-0.003059449512005652
2006-06-09,-0.0008824289319655509
2006-06-12,-0.007166615595583958
2006-06-13,-0.008255965502769524
2006-06-14,0.003003163502865558
2006-06-15,0.01347628934991052
2006-06-16,-0.0030814734532529364
2006-06-19,-0.006246349175552668
2006-06-20,0.0010884469654117712
2006-06-21,0.006642073686807803
2006-06-22,-0.0037178685810004275
2006-06-23,-0.00020526406487031412
2006-06-26,0.002561464270550262
2006-06-27,-0.005540153641041212
2006-06-28,0.0040382369439566634
2006-06-29,0.0160905448883244
2006-06-30,0.0035572858675692043
2006-07-03,0.0034416067350693247
2006-07-05,-0.007479983741556673
2006-07-06,0.004141484065747214
2006-07-07,-0.0027982935314264656
2006-07-10,0.0016922528284291083
2006-07-11,0.002282022387717353
2006-07-12,-0.006630165898945384
2006-07-13,-0.007732296461591237
2006-07-14,-0.0024286772049491034
2006-07-17,-0.0024303949092859822
2006-07-18,0.00023076024635693138
2006-07-19,0.013012651213391457
2006-07-20,-0.004202565968074001
2006-07-21,-0.004449445769338922
2006-07-24,0.010194804608524066
2006-07-25,0.001988556165632316
2006-07-26,0.0022897558219256986
2006-07-27,0.0002323092669571647
2006-07-28,0.008098682905997467
2006-07-31,-0.0012473733878011206
2006-08-01,-0.002809751297442764
2006-08-02,0.004703988757558397
2006-08-03,0.0006059570020737759
2006-08-04,0.001972453660671114
2006-08-07,-0.002142522617360587
2006-08-08,-0.0016943981855706003
2006-08-09,-0.0010410876598341279
2006-08-10,0.0015741853892079494
2006-08-11,-0.0036919448257164422
2006-08-14,0.0005649573207295866
2006-08-15,0.00939039547280851
2006-08-16,0.005180734286500455
2006-08-17,-0.00017813790464082935
2006-08-18,0.002121337435028403
2006-08-21,-0.0008543139739136674
2006-08-22,-8.083399122538193e-05
2006-08-23,-0.0032451631741832188
2006-08-24,-0.000700193900776469
2006-08-25,0.0006568361789447419
2006-08-28,0.0021800361415924563
2006-08-29,0.0022323304804203747
2006-08-30,0.0009027872802671588
2006-08-31,0.0008716612034673776
2006-09-01,0.003175522800746622
2006-09-05,0.0005246797052627095
2006-09-06,-0.007008645473753572
2006-09-07,-0.003923158375393143
2006-09-08,0.0012404891351751601
2006-09-11,-0.0022353953707422436
2006-09-12,0.006281562013591424
2006-09-13,0.003012898220961402
2006-09-14,-0.0009672509640966664
2006-09-15,-0.00030343931722498496
2006-09-18,0.001226763517920837
2006-09-19,-0.0017146579308507937
2006-09-20,0.0036447062023901022
2006-09-21,-0.0007612045302273218
2006-09-22,-0.0013709605211997822
2006-09-25,0.005061751919881674
2006-09-26,0.0022151191529222736
2006-09-27,0.0005814869499971564
2006-09-28,0.001171181803602206
2006-09-29,-0.002305900127681615
2006-10-02,0.00019778819363147626
2006-10-03,-0.0008919889868560515
2006-10-04,0.0075700490171064505
2006-10-05,0.0014724827578340705
2006-10-06,-0.003115183718801706
2006-10-09,-1.184542783994047e-05
2006-10-10,-6.389291448827272e-05
2006-10-11,-0.0016369775177823565
2006-10-12,0.005966939638838431
2006-10-13,0.0012678928007612278
2006-10-16,0.0017924492913325984
2006-10-17,-0.0024491764663205906
2006-10-18,0.00039507614950173853
2006-10-19,0.0016237043256857042
2006-10-20,-0.0002992511200924364
2006-10-23,0.0006947029375379277
2006-10-24,0.0014029691871741967
2006-10-25,0.00392703422972307
2006-10-26,0.004240241081118423
2006-10-27,-0.003268677799706743
2006-10-30,-0.0006259607271039691
2006-10-31,0.0020893955390766106
2006-11-01,-0.0025076638733428913
2006-11-02,-0.0006223033596177707
2006-11-03,-0.0023631328140518715
2006-11-06,0.007366429128412344
2006-11-07,0.00202469890321888
2006-11-08,0.00201153024952494
2006-11-09,-0.0019113666990435707
2006-11-10,0.001807962409352326
2006-11-13,-0.0002802789609758216
2006-11-14,0.005137290629505964
2006-11-15,0.00019702842551572175
2006-11-16,-0.001623901333193123
2006-11-17,0.0003851140377597595
2006-11-20,-0.0009002114707954423
2006-11-21,0.0022221146826715277
2006-11-22,0.003098983415633194
2006-11-24,-0.001007372140712115
2006-11-27,-0.006556544475273873
2006-11-28,0.0035766735365962976
2006-11-29,0.005418165914946149
2006-11-30,0.002518845891302357
2006-12-01,-0.00024221865399365328
2006-12-04,0.005515703454561871
2006-12-05,0.0026126139193094478
2006-12-06,-0.001751041499442496
2006-12-07,-0.001478786593947068
2006-12-08,-0.00127323817635272
2006-12-11,0.0023061214355410975
2006-12-12,2.6411920292401803e-05
2006-12-13,-0.00023188935384743647
2006-12-14,0.0033427366582621243
2006-12-15,-0.001469533596849315
2006-12-18,-0.002194736279398035
2006-12-19,0.00032729981690060583
2006-12-20,0.0004868631431396153
2006-12-21,-0.0013647077218226222
2006-12-22,-0.002864271242952965
2006-12-26,0.0024754608849708593
2006-12-27,0.004025163971719037
2006-12-28,-0.0013541594442190164
2006-12-29,-0.0017982283789387266
2007-01-03,0.00226277717038581
2007-01-04,-0.00044808329587020523
2007-01-05,-0.007586733371977572
2007-01-08,0.0015466899762384134
2007-01-09,-0.0007836575980805227
2007-01-10,-0.001078164443303109
2007-01-11,0.0027085615969346666
2007-01-12,0.003185367457833932
2007-01-16,0.0005024641299931076
2007-01-17,-0.0006250188262987288
2007-01-18,-0.002093080414503734
2007-01-19,0.004244341825084819
2007-01-22,-0.0017337545703882684
2007-01-23,0.0035148869187766607
2007-01-24,0.004587889786528354
2007-01-25,-0.00826336445407938
2007-01-26,0.0007140880017095785
2007-01-29,-0.0003531819071859177
2007-01-30,0.004170061254750834
2007-01-31,0.004882128307676092
2007-02-01,0.002887712669414899
2007-02-02,0.0005971403077182913
2007-02-05,-5.419191783551103e-05
2007-02-06,0.0021787837947846445
2007-02-07,0.002193260816064635
2007-02-08,-0.0016912520849491353
2007-02-09,-0.004392670154915179
2007-02-12,-0.0026223073269580066
2007-02-13,0.005484588701123894
2007-02-14,0.007128146088183573
2007-02-15,0.0003654258364675922
2007-02-16,0.0009537151855614212
2007-02-20,0.0017848772080719666
2007-02-21,-0.00028127403176447796
2007-02-22,0.00014878741672652573
2007-02-23,-0.0002687929799968236
2007-02-26,0.0008664818411188158
2007-02-27,-0.01925606212019504
2007-02-28,0.0042797692132545695
2007-03-01,-0.002076384146222243
2007-03-02,-0.00617773562831514
2007-03-05,-0.008382657473086197
2007-03-06,0.011454783291888981
2007-03-07,-0.00021575518748395695
2007-03-08,0.00528502643047668
2007-03-09,-0.00058841373297569
2007-03-12,0.0024892231412756427
2007-03-13,-0.009871593901811582
2007-03-14,0.0023512422213634032
2007-03-15,0.00270141336788865
2007-03-16,-0.0017124567749895458
2007-03-19,0.0065566086104318355
2007-03-20,0.003973018479347612
2007-03-21,0.01111949622305497
2007-03-22,-0.0019332299755956406
2007-03-23,0.0007934469270636235
2007-03-26,-0.0002937569631362713
2007-03-27,-0.001977455808323758
2007-03-28,-0.004702120378835883
2007-03-29,0.002769304394969918
2007-03-30,0.0004458711124835091
2007-04-02,0.0012958144327703813
2007-04-03,0.00414366076276651
2007-04-04,0.001506581248802208
2007-04-05,0.0012071161788624885
2007-04-09,-0.0009249945410532145
2007-04-10,0.0030089597864275675
2007-04-11,-0.0035918694659524686
2007-04-12,0.0035145481510534538
2007-04-13,0.0012089214502044587
2007-04-16,0.00623335420787785
2007-04-17,0.0004631334135254406
2007-04-18,0.0012035921978110764
2007-04-19,-0.0018075534135510996
2007-04-20,0.005204337976571605
2007-04-23,-0.001319124957514406
2007-04-24,0.000479901648416714
2007-04-25,0.004722227139305257
2007-04-26,-0.0014375751844313278
2007-04-27,-0.001217105870654489
2007-04-30,-0.0031031573993218764
2007-05-01,0.0005726115687301192
2007-05-02,0.004838286270550718
2007-05-03,0.0012525559096061567
2007-05-04,0.0025456943794150977
2007-05-07,0.001053535202800937
2007-05-08,-0.001968797672683764
2007-05-09,0.0020797764516149453
2007-05-10,-0.007236101972360909
2007-05-11,0.006050593564333795
2007-05-14,-0.0025910394630427325
2007-05-15,-0.0009560833316694106
2007-05-16,0.0036135629495150923
2007-05-17,-0.0018035941608127715
2007-05-18,0.0024683032202252875
2007-05-21,0.0012888756023570203
2007-05-22,-0.000649021333080424
2007-05-23,0.00047947631005174074
2007-05-24,-0.006179253740335122
2007-05-25,0.004031854449661365
2007-05-29,0.0004933403106821554
2007-05-30,0.004125836709227837
2007-05-31,0.0011595442241421061
2007-06-01,0.002861991964764554
2007-06-04,0.001156698177725568
2007-06-05,-0.004120936286796328
2007-06-06,-0.0062446793868363715
2007-06-07,-0.011595414053352071
2007-06-08,0.007063338692005816
2007-06-11,0.0008798403914480613
2007-06-12,-0.009361798988026138
2007-06-13,0.009419796513130185
2007-06-14,0.0035762193440183054
2007-06-15,0.0058233887193805955
2007-06-18,-0.00031797140960498904
2007-06-19,0.0028984509990899188
2007-06-20,-0.008188318327420618
2007-06-21,0.0036984109981592628
2007-06-22,-0.004637865025036825
2007-06-25,-0.001621325432711429
2007-06-26,-0.004468297345767369
2007-06-27,0.006714895169079638
2007-06-28,-0.0004798247806406808
2007-06-29,0.002127344021226829
2007-07-02,0.007970782304412394
2007-07-03,0.0013954250940455548
2007-07-05,-0.002253320421219507
2007-07-06,0.002865011357245484
2007-07-09,0.0017744735808638001
2007-07-10,-0.005594158654267267
2007-07-11,0.0025988210757661445
2007-07-12,0.007909545099056503
2007-07-13,0.002020076219278577
2007-07-16,-0.000695848752220507
2007-07-17,-0.0009500224105220001
2007-07-18,-0.0011569944603957438
2007-07-19,0.002654115281924385
2007-07-20,-0.004576211243040196
2007-07-23,0.0024421884276575323
2007-07-24,-0.009594274565809968
2007-07-25,0.0007315665611462574
2007-07-26,-0.013945277429672664
2007-07-27,-0.008184027038602326
2007-07-30,0.008181362083281574
2007-07-31,-0.003540994088399585
2007-08-01,0.00034767807748159463
2007-08-02,0.003769489373107948
2007-08-03,-0.013146038428575757
2007-08-06,0.006574707334596086
2007-08-07,0.0029729618193952145
2007-08-08,0.008307021234444045
2007-08-09,-0.01437244616592448
2007-08-10,-0.0030140662159403586
2007-08-13,0.0019336327738808112
2007-08-14,-0.0083163201483486
2007-08-15,-0.009059941831706997
2007-08-16,0.0034002565351825
2007-08-17,0.010518090338851982
2007-08-20,0.000625171133846969
2007-08-21,0.0018367878626237566
2007-08-22,0.008510011977892917
2007-08-23,-0.00011988003778617973
2007-08-24,0.0070695911394236255
2007-08-27,-0.003907005068956693
2007-08-28,-0.01115086456990888
2007-08-29,0.010250293664272325
2007-08-30,-0.0012562813649593663
2007-08-31,0.007100676634149483
2007-09-04,0.005685986907674412
2007-09-05,-0.004487178460697683
2007-09-06,0.0011402078052649145
2007-09-07,-0.00434018184321916
2007-09-10,-0.0008385833098021322
2007-09-11,0.00709154850849214
2007-09-12,0.0005490717658780397
2007-09-13,0.0013784412531367973
2007-09-14,0.0003451945526642408
2007-09-17,-0.003264366235015026
2007-09-18,0.017426938188434216
2007-09-19,0.0032888042012673147
2007-09-20,-0.006072635568973528
2007-09-21,0.0033640625529454127
2007-09-24,-0.0002441914879118823
2007-09-25,-0.0013448593433197376
2007-09-26,0.003692458972680557
2007-09-27,0.00596160812299229
2007-09-28,-0.0016843076215508068
2007-10-01,0.009143064478977614
2007-10-02,0.0006895097781982606
2007-10-03,-0.003969984481623112
2007-10-04,0.0022924985138785825
2007-10-05,0.0055963087493586805
2007-10-08,-0.002432142097562817
2007-10-09,0.003345301087153141
2007-10-10,-0.0008647424866619069
2007-10-11,-0.0020317644154489445
2007-10-12,0.002551733978279236
2007-10-15,-0.004988245696637028
2007-10-16,-0.00505731527019837
2007-10-17,0.004947410921781303
2007-10-18,0.0011765200868465442
2007-10-19,-0.01172413758210411
2007-10-22,0.0017282522627963814
2007-10-23,0.005943472813017436
2007-10-24,-0.0002751584016199571
2007-10-25,0.002292663910638204
2007-10-26,0.008281166498645964
2007-10-29,0.0041604157370498385
2007-10-30,-0.005830901878746797
2007-10-31,0.005985083073412278
2007-11-01,-0.011781581085386739
2007-11-02,0.002447657503768186
2007-11-05,-0.0072613642898761155
2007-11-06,0.00852458466348427
2007-11-07,-0.012776886786315167
2007-11-08,0.0021368515218298523
2007-11-09,-0.005102583195061849
2007-11-12,-0.007655280529653141
2007-11-13,0.013923450687104877
2007-11-14,-0.0017995965284676174
2007-11-15,-0.006815364594584539
2007-11-16,0.0019487425896445032
2007-11-19,-0.009466804842749421
2007-11-20,0.004881752872119005
2007-11-21,-0.008035788516777442
2007-11-23,0.009651240109904258
2007-11-26,-0.008225144335670564
2007-11-27,0.004867971211464761
2007-11-28,0.015009493223252734
2007-11-29,-0.00021722007960600642
2007-11-30,0.004366463854507785
2007-12-03,-0.0017367897364933826
2007-12-04,-0.004002131054328784
2007-12-05,0.0066230319068179
2007-12-06,0.0057895417899678225
2007-12-07,-0.00298039911044079
2007-12-10,0.00440754124453413
2007-12-11,-0.011975556315461322
2007-12-12,0.0043506902637611145
2007-12-13,-0.006119652918697649
2007-12-14,-0.010803299375660713
2007-12-17,-0.0075157414455822025
2007-12-18,0.005848336074063321
2007-12-19,0.001338638433058481
2007-12-20,0.0030235235048872156
2007-12-21,0.006987777107098969
2007-12-24,0.00364671282344875
2007-12-26,-0.0007619848900504156
2007-12-27,-0.0063533824249139
2007-12-28,0.001868518256474827
2007-12-31,-0.0016348880872921745
2008-01-02,-0.002964108319445491
2008-01-03,0.000732509777526813
2008-01-04,-0.011938398505320302
2008-01-07,0.0014713721753918385
2008-01-08,-0.00678721260285553
2008-01-09,0.005594540818088634
2008-01-10,0.002308853363793384
2008-01-11,-0.0050072160626859485
2008-01-14,0.006892055937536501
2008-01-15,-0.012554008847539988
2008-01-16,-0.006527692545367003
2008-01-17,-0.009903862634100702
2008-01-18,-0.000545700225597745
2008-01-22,-0.0029665847708157944
2008-01-23,0.0076353900173185
2008-01-24,0.003880482257268003
2008-01-25,-0.0036360905791184006
2008-01-28,0.008690503112758652
2008-01-29,0.00223027844521817
2008-01-30,-0.003485146414221374
2008-01-31,0.010018271843883708
2008-02-01,0.008387716183673177
2008-02-04,-0.00589999377397088
2008-02-05,-0.016142332081121147
2008-02-06,-0.0033910032309426574
2008-02-07,-0.0004629401792610732
2008-02-08,-0.00047863690507587986
2008-02-11,0.0028283254583707507
2008-02-12,0.005631914645770841
2008-02-13,0.0037719026715012927
2008-02-14,-0.007803238422610992
2008-02-15,0.0023536583290906243
2008-02-19,3.293333504039708e-05
2008-02-20,0.002551653674276233
2008-02-21,-0.002545130394081996
2008-02-22,0.0034657258374670707
2008-02-25,0.006117198441192295
2008-02-26,0.006457201682295688
2008-02-27,0.001301725117863084
2008-02-28,-0.0016995260790895195
2008-02-29,-0.009111217446660103
2008-03-03,-0.0008436791082279127
2008-03-04,-0.005009068793410343
2008-03-05,0.0036551121443260115
2008-03-06,-0.008476951143951639
2008-03-07,-0.003170002339786926
2008-03-10,-0.0038250757195976703
2008-03-11,0.014443218679836667
2008-03-12,-0.0004376289429953717
2008-03-13,-0.0006948777345049395
2008-03-14,-0.00935266044833527
2008-03-17,-0.008724880961709425
2008-03-18,0.017627774412477537
2008-03-19,-0.013042105768511614
2008-03-20,0.010486702531980807
2008-03-24,0.003619373175058227
2008-03-25,0.0018891952770518916
2008-03-26,-0.002773673763259099
2008-03-27,-0.0018766144111952432
2008-03-28,-0.001009459691334147
2008-03-31,0.0031460124170119563
2008-04-01,0.013664304134999528
2008-04-02,-1.468640808566235e-05
2008-04-03,0.0013623972536587203
2008-04-04,0.0019597976911076564
2008-04-07,0.0008137893507003113
2008-04-08,-0.0033069336286670747
2008-04-09,-0.0031705008255428213
2008-04-10,0.0006062302705132083
2008-04-11,-0.006110648129937113
2008-04-14,-0.0024864445884730246
2008-04-15,0.0019932099355697286
2008-04-16,0.010501657447455237
2008-04-17,-0.003169835945449173
2008-04-18,0.005710256364615418
2008-04-21,-7.619741285957993e-05
2008-04-22,-0.003986230871077079
2008-04-23,0.0010135897927139315
2008-04-24,-0.0018526167506963676
2008-04-25,0.0038214210417020222
2008-04-28,0.0013361207690099075
2008-04-29,-0.0035329217375377198
2008-04-30,0.002162879239077764
2008-05-01,0.006878176659797619
2008-05-02,0.0005699816129343116
2008-05-05,-0.0004563791085039348
2008-05-06,0.003749658612647311
2008-05-07,-0.008321309397620213
2008-05-08,0.0038842807839418736
2008-05-09,-0.0015810470414759914
2008-05-12,0.0047897170021273805
2008-05-13,-0.0023742747291057853
2008-05-14,0.001524728646253637
2008-05-15,0.008596170588753616
2008-05-16,0.0019397852983045194
2008-05-19,0.001124227026418012
2008-05-20,-0.0031149644226925455
2008-05-21,-0.006919977619348261
2008-05-22,5.296933995135866e-05
2008-05-23,-0.005149881299539305
2008-05-27,3.431944009646415e-06
2008-05-28,-0.0007246908910569783
2008-05-29,0.0007653776461220563
2008-05-30,0.0023140899329128217
2008-06-02,-0.003897704074727004
2008-06-03,-0.0027060398366639538
2008-06-04,-0.002297166596838429
2008-06-05,0.00838697807023725
2008-06-06,-0.011837059364525615
2008-06-09,-0.003494460733835192
2008-06-10,-0.006625749941601922
2008-06-11,-0.0070674866370149525
2008-06-12,-0.0025788854011080664
2008-06-13,0.0062951510021291845
2008-06-16,0.0023089733945527158
2008-06-17,-0.0008443538508151605
2008-06-18,-0.0020632596425650407
2008-06-19,-0.0012377834779382368
2008-06-20,-0.008371635199580063
2008-06-23,-0.0018063209111274237
2008-06-24,0.0002578384138378631
2008-06-25,0.002065698756103851
2008-06-26,-0.01065556437281412
2008-06-27,0.0012397140035360632
2008-06-30,0.0008043072719208233
2008-07-01,-0.0012322197024950965
2008-07-02,-0.007745007292941586
2008-07-03,0.001092553107600036
2008-07-07,-0.00429386707729329
2008-07-08,0.008435431393599258
2008-07-09,-0.007360702574291889
2008-07-10,0.0030979996090314543
2008-07-11,-0.007994399728669332
2008-07-14,-0.0014927371145349033
2008-07-15,-0.005952062972620631
2008-07-16,0.011261463343546163
2008-07-17,0.004272431819335676
2008-07-18,-0.0003959346921721396
2008-07-21,0.0015521729634246917
2008-07-22,0.004738240244781089
2008-07-23,0.0005896924293116168
2008-07-24,-0.00953057841322924
2008-07-25,-0.0010754594236050963
2008-07-28,-0.005268022589670185
2008-07-29,0.0096643538691088
2008-07-30,0.0053286627619770766
2008-07-31,-0.003749117446956718
2008-08-01,-0.0017011796019111847
2008-08-04,-0.005896177602125463
2008-08-05,0.009942390547783342
2008-08-06,0.0007947936678103229
2008-08-07,-0.006163171203191542
2008-08-08,0.00744916550881225
2008-08-11,0.00019955345803679414
2008-08-12,-0.0036083807578985994
2008-08-13,-0.0033660963788982867
2008-08-14,0.004099721132612588
2008-08-15,0.0012376057566219067
2008-08-18,-0.005665789365595586
2008-08-19,-0.005913081758928462
2008-08-20,0.0047268025014570725
2008-08-21,0.0003752003163384199
2008-08-22,0.003576671884714111
2008-08-25,-0.007581985776525579
2008-08-26,0.001498567322742339
2008-08-27,0.005490529404924338
2008-08-28,0.006419671254479287
2008-08-29,-0.00483420648033539
2008-09-02,-0.003696131646468981
2008-09-03,-0.001341547834952439
2008-09-04,-0.016436545985298645
2008-09-05,0.0023615628745177197
2008-09-08,0.01122913781956969
2008-09-09,-0.015639897214432597
2008-09-10,0.0028738498188496386
2008-09-11,0.002952297255280234
2008-09-12,0.002789029275590993
2008-09-15,-0.018530172352861696
2008-09-16,0.0011765584165415177
2008-09-17,-0.019430600151966626
2008-09-18,0.016564370339776646
2008-09-19,0.02720110339992443
2008-09-22,-0.01761073808549063
2008-09-23,-0.010784552469325859
2008-09-24,-0.0004559177879782661
2008-09-25,0.008229629512242154
2008-09-26,-0.003014397549267578
2008-09-29,-0.03485074722435211
2008-09-30,0.013051032668071949
2008-10-01,0.0036771999604028327
2008-10-02,-0.021046980449136
2008-10-03,-0.004766862143486539
2008-10-06,-0.017607739967824054
2008-10-07,-0.02949646542929052
2008-10-08,-0.01761187503293271
2008-10-09,-0.03580115964147523
2008-10-10,-0.008702813570085843
2008-10-13,0.05809537029089373
2008-10-14,-0.0016634589723423243
2008-10-15,-0.05036481758013067
2008-10-16,0.020726509853787878
2008-10-17,-0.008105490913147828
2008-10-20,0.028924284208285744
2008-10-21,-0.019462055219026553
2008-10-22,-0.02903052314101795
2008-10-23,0.0017440420619276864
2008-10-24,-0.031591881899398766
2008-10-27,-0.019830737160340117
2008-10-28,0.05268527964380487
2008-10-29,-0.0032489971321220112
2008-10-30,0.021176671145475723
2008-10-31,0.006758017031524677
2008-11-03,0.0023075420552669534
2008-11-04,0.027799558416099712
2008-11-05,-0.02929275175658519
2008-11-06,-0.026733109633504615
2008-11-07,0.016688262731814563
2008-11-10,-0.004857174245953444
2008-11-11,-0.013361122258470082
2008-11-12,-0.025475427408146567
2008-11-13,0.03516728739316233
2008-11-14,-0.024784336326057366
2008-11-17,-0.009755408220601725
2008-11-18,-0.0011543297588573198
2008-11-19,-0.031795746938161784
2008-11-20,-0.031816733833594624
2008-11-21,0.0260516931754875
2008-11-24,0.022270581117158628
2008-11-25,0.011897356151504779
2008-11-26,0.018397396780742703
2008-11-28,0.004947107873849443
2008-12-01,-0.03855489789314526
2008-12-02,0.023496891509340312
2008-12-03,0.01532582390940651
2008-12-04,-0.011777298218763943
2008-12-05,0.01398341586468943
2008-12-08,0.015768788148097235
2008-12-09,-0.00726575217931702
2008-12-10,0.007685540841921634
2008-12-11,-0.009284387035174757
2008-12-12,0.0051931492102541554
2008-12-15,-0.007002251031249962
2008-12-16,0.036394255919374174
2008-12-17,0.001081981253617581
2008-12-18,-0.008574037514089916
2008-12-19,-0.006402066207466972
2008-12-22,-0.006731896412160432
2008-12-23,-0.004505457720825556
2008-12-24,0.003632280649969566
2008-12-26,0.0038706018347778315
2008-12-29,-0.0027533832038995065
2008-12-30,0.009610722562520158
2008-12-31,0.008958869297264638
2009-01-02,0.004683713509787246
2009-01-05,-0.0022761444609890047
2009-01-06,0.007716278258330211
2009-01-07,-0.014496702912961679
2009-01-08,0.005064647883217033
2009-01-09,-0.01084163832642382
2009-01-12,-0.011353636606058481
2009-01-13,-0.0012923529638919629
2009-01-14,-0.017078977617191682
2009-01-15,0.0015745396209738693
2009-01-16,0.0021206123581489766
2009-01-20,-0.029335601801299127
2009-01-21,0.016113537419880863
2009-01-22,-0.009400843571313322
2009-01-23,0.0027079591274112857
2009-01-26,0.002456333404905253
2009-01-27,0.009295677982178452
2009-01-28,0.01680901474671903
2009-01-29,-0.020696479821062264
2009-01-30,-0.007171063185139159
2009-02-02,-0.0003515157247171441
2009-02-03,0.006318524342616927
2009-02-04,-0.0035482317978982048
2009-02-05,0.0061616683710623565
2009-02-06,0.01588413282281609
2009-02-09,0.0029884818997676366
2009-02-10,-0.02207231618096217
2009-02-11,0.004497613584190097
2009-02-12,-0.0011669506017802922
2009-02-13,-0.006615943564193816
2009-02-17,-0.019693111364308402
2009-02-18,-0.00433800218176561
2009-02-19,-0.005740922656888414
2009-02-20,-0.004844460074044155
2009-02-23,-0.014728043689362202
2009-02-24,0.015081082383618494
2009-02-25,-0.008488891136367194
2009-02-26,-0.00798412825621575
2009-02-27,-0.007934351036849918
2009-03-02,-0.019918480617838186
2009-03-03,-0.005178062330543187
2009-03-04,0.014788310634765933
2009-03-05,-0.019519599594595816
2009-03-06,-0.000802790163014877
2009-03-09,-0.009682529674699514
2009-03-10,0.032594434335278644
2009-03-11,0.002986213946699845
2009-03-12,0.02465186738214209
2009-03-13,0.005505082216864077
2009-03-16,-0.0013745394689304025
2009-03-17,0.01634631365932049
2009-03-18,0.024799396469704416
2009-03-19,-0.005129058735293124
2009-03-20,-0.011703764665399463
2009-03-23,0.040117578351726246
2009-03-24,-0.013160005902956629
2009-03-25,0.006028123284125053
2009-03-26,0.016506584564790927
2009-03-27,-0.014257706484201549
2009-03-30,-0.020757460791614335
2009-03-31,0.007716501260073283
2009-04-01,0.013144933969124972
2009-04-02,0.01919714164643338
2009-04-03,0.004188496818640974
2009-04-06,-0.007178176294837635
2009-04-07,-0.013967989552337357
2009-04-08,0.008049695109262567
2009-04-09,0.022669634395172222
2009-04-13,0.004787823946618364
2009-04-14,-0.011660874971468393
2009-04-15,0.009231187660127205
2009-04-16,0.006776139541800674
2009-04-17,7.758767124532717e-05
2009-04-20,-0.026391088435070098
2009-04-21,0.012753485774444906
2009-04-22,-0.0033505796303052726
2009-04-23,0.008412877355614246
2009-04-24,0.00941491367003966
2009-04-27,-0.007295297828860181
2009-04-28,-0.0026110489075992227
2009-04-29,0.01484382767764969
2009-04-30,0.000590610707871253
2009-05-01,0.0014097925885625529
2009-05-04,0.025301461311516782
2009-05-05,-0.003911363666207812
2009-05-06,0.012581030979451624
2009-05-07,-0.010059141299315177
2009-05-08,0.01935522116473809
2009-05-11,-0.011864853076052118
2009-05-12,-0.00018351316876619173
2009-05-13,-0.01905153031482054
2009-05-14,0.007733555361025379
2009-05-15,-0.005164959842295036
2009-05-18,0.020508624240744844
2009-05-19,0.0020468584215307395
2009-05-20,-0.0005688499110007017
2009-05-21,-0.010121967864529346
2009-05-22,0.0010258538973422215
2009-05-26,0.013184532066300436
2009-05-27,-0.011979449584156088
2009-05-28,0.008103054151418432
2009-05-29,0.013215454800683535
2009-06-01,0.014088448237848938
2009-06-02,0.0018753709207184333
2009-06-03,-0.009513978063137696
2009-06-04,0.0030792640358456858
2009-06-05,-0.005316364466032675
2009-06-08,-0.003786051202641749
2009-06-09,0.005267572794285247
2009-06-10,-0.00030394286818502536
2009-06-11,0.0053410014980845855
2009-06-12,-0.0006802953946224433
2009-06-15,-0.014370177782454863
2009-06-16,-0.0060202302990933765
2009-06-17,-0.002361678438992598
2009-06-18,0.0012988060424907744
2009-06-19,0.0050385545865194725
2009-06-22,-0.014583878908604797
2009-06-23,0.0030735580900735915
2009-06-24,0.0017723872622668058
2009-06-25,0.013313822961774857
2009-06-26,-0.00025572957062647284
2009-06-29,0.004558310281752576
2009-06-30,-0.002697871245383343
2009-07-01,0.005156475516562731
2009-07-02,-0.014484965170737496
2009-07-06,-0.0012848940669906161
2009-07-07,-0.010182596590256665
2009-07-08,-0.0008100231923180434
2009-07-09,0.0007516859474370197
2009-07-10,-0.0016342232890051989
2009-07-13,0.009558111800721969
2009-07-14,0.0028802770546294543
2009-07-15,0.015459256424919632
2009-07-16,0.006224100016704703
2009-07-17,-0.000917183003325106
2009-07-20,0.009475424519096443
2009-07-21,0.002032176449047185
2009-07-22,5.4984374379785095e-05
2009-07-23,0.010300789941684707
2009-07-24,0.0026440617092040597
2009-07-27,0.0018708534359868079
2009-07-28,-0.0019302755327095245
2009-07-29,-0.004206258606599289
2009-07-30,0.01005777613073966
2009-07-31,0.00425788086810841
2009-08-03,0.008970807213166898
2009-08-04,0.00026938744544158233
2009-08-05,-0.0008259865143208645
2009-08-06,-0.003681663653145595
2009-08-07,0.006638953814750659
2009-08-10,-0.0011080641274148206
2009-08-11,-0.005874294249455181
2009-08-12,0.005232703261713212
2009-08-13,0.0071394988411901394
2009-08-14,-0.005703423612919867
2009-08-17,-0.014155163832529905
2009-08-18,0.007376468129197455
2009-08-19,0.005256005104598893
2009-08-20,0.006796840024481332
2009-08-21,0.009443518753335933
2009-08-24,0.0009864782837230024
2009-08-25,0.0016969072641239702
2009-08-26,3.795256736549568e-05
2009-08-27,0.0010972859715394634
2009-08-28,-4.291786047172508e-05
2009-08-31,-0.0055445323095190124
2009-09-01,-0.012971946988268868
2009-09-02,-0.0008864852998582418
2009-09-03,0.005553010509535605
2009-09-04,0.007121288483878718
2009-09-08,0.007758700623508474
2009-09-09,0.0062381301711624815
2009-09-10,0.006189219186806705
2009-09-11,0.00024758493870824516
2009-09-14,0.0023308790990221873
2009-09-15,0.0029475026462850717
2009-09-16,0.010264105685725555
2009-09-17,-0.001618546748807792
2009-09-18,-0.00047091356920192506
2009-09-21,-0.0033446282837683583
2009-09-22,0.005792721851831217
2009-09-23,-0.004852974732996507
2009-09-24,-0.007792179212452233
2009-09-25,-0.002157914113115389
2009-09-28,0.009885056192525665
2009-09-29,-0.0011537720738833412
2009-09-30,-0.0007809303470988072
2009-10-01,-0.013776358162442714
2009-10-02,-0.003971949591361823
2009-10-05,0.009460740371235454
2009-10-06,0.00768023603461887
2009-10-07,0.0025579310480936535
2009-10-08,0.00521827229207128
2009-10-09,0.0005042732877655887
2009-10-12,0.003391984434348405
2009-10-13,0.00010795827925735857
2009-10-14,0.010097960896211955
2009-10-15,0.000902892592375526
2009-10-16,-0.005147740327900663
2009-10-19,0.007569262915261277
2009-10-20,-0.003684970597654824
2009-10-21,-0.005943595594946172
2009-10-22,0.004965748895720878
2009-10-23,-0.008715815892230694
2009-10-26,-0.00872054979639525
2009-10-27,-0.001862520492364128
2009-10-28,-0.012990731471359429
2009-10-29,0.01364100324148243
2009-10-30,-0.015710299632647473
2009-11-02,0.00403675012038307
2009-11-03,0.0011076732249488686
2009-11-04,0.0019514792575112683
2009-11-05,0.010486843299799986
2009-11-06,0.0017973443651568832
2009-11-09,0.015216667882028911
2009-11-10,-0.001747834045680019
2009-11-11,0.004117321040971067
2009-11-12,-0.00867366229144706
2009-11-13,0.0049832184708471505
2009-11-16,0.011034689835917044
2009-11-17,-0.00019245298543468792
2009-11-18,-0.0007723200675089359
2009-11-19,-0.008914741858718878
2009-11-20,-0.0016265339370796772
2009-11-23,0.00800109314236419
2009-11-24,-0.0006764212289773752
2009-11-25,0.004708492869098135
2009-11-27,-0.01169819591194643
2009-11-30,0.0026744163981080593
2009-12-01,0.009193886755712866
2009-12-02,0.001264238211421187
2009-12-03,-0.005503911595990729
2009-12-04,0.0015080892607808316
2009-12-07,-0.0005941302996319564
2009-12-08,-0.006683294683004881
2009-12-09,-0.00017974446791091392
2009-12-10,0.000977129065047766
2009-12-11,0.0025253192030050275
2009-12-14,0.005505509176410239
2009-12-15,-0.004004377363457934
2009-12-16,0.003470956494238564
2009-12-17,-0.0071521041672569785
2009-12-18,0.001933671295489825
2009-12-21,0.002616419014243032
2009-12-22,0.0018287129988501238
2009-12-23,0.002506163001827044
2009-12-24,0.002059144325810447
2009-12-28,0.00040884978373911807
2009-12-29,0.00031795913937560094
2009-12-30,-0.00014890051974658647
2009-12-31,-0.0048750990946980766
2010-01-04,0.012151115113497424
2010-01-05,0.002975090936954139
2010-01-06,0.0006955341640841883
2010-01-07,0.002000195776024949
2010-01-08,0.0033139959992882773
2010-01-11,0.0009877785751535306
2010-01-12,-0.005070896902586219
2010-01-13,0.0037287411989737063
2010-01-14,0.0024671362029446975
2010-01-15,-0.006113425868577105
2010-01-19,0.00731767909232528
2010-01-20,-0.0076065968683805
2010-01-21,-0.010653966044783636
2010-01-22,-0.011073620249860583
2010-01-25,0.002594212624325243
2010-01-26,-0.0030842222269886754
2010-01-27,0.0008535550711272766
2010-01-28,-0.0060865276376619315
2010-01-29,-0.004560352538197532
2010-02-01,0.008530821364829633
2010-02-02,0.007793136557934899
2010-02-03,-0.005266039154970814
2010-02-04,-0.0178869649882345
2010-02-05,-0.00020323491255369586
2010-02-08,-0.006551454955488811
2010-02-09,0.00877463284985236
2010-02-10,-0.0021482642818996256
2010-02-11,0.005599359003129356
2010-02-12,-0.0014380632416558514
2010-02-16,0.011102687227707353
2010-02-17,0.0016297432494583042
2010-02-18,0.002895504433453544
2010-02-19,-0.00046205161161905206
2010-02-22,8.188164354572258e-05
2010-02-23,-0.0066270334502732675
2010-02-24,0.004585029821124076
2010-02-25,-0.0012774952965061148
2010-02-26,0.001543408169749405
2010-03-01,0.006477487065773557
2010-03-02,0.0029593351604115803
2010-03-03,0.0018513361574619136
2010-03-04,0.0008397554669699048
2010-03-05,0.009023250025967489
2010-03-08,-0.00023098690980372094
2010-03-09,0.0014164724409191365
2010-03-10,0.0027350399308230244
2010-03-11,0.0019464940180753398
2010-03-12,0.0010703297426228886
2010-03-15,-0.0012492966204455946
2010-03-16,0.006734506443922594
2010-03-17,0.004408267965670953
2010-03-18,-0.0029100225669643764
2010-03-19,-0.0053285215628411375
2010-03-22,0.003970756857195612
2010-03-23,0.004069764433150436
2010-03-24,-0.007155974434230661
2010-03-25,-0.0015711171327430495
2010-03-26,0.001983351673715106
2010-03-29,0.004079911581577944
2010-03-30,0.0004480475956956109
2010-03-31,-0.00019584601778266375
2010-04-01,0.006823777681548737
2010-04-05,0.0024090198677551022
2010-04-06,0.002371026216504646
2010-04-07,-0.0012940293350622856
2010-04-08,0.0007265650436329985
2010-04-09,0.004778138745988869
2010-04-12,0.001591236064889756
2010-04-13,0.00029598949419695764
2010-04-14,0.007398422954799422
2010-04-15,0.0006717384869725507
2010-04-16,-0.009903879287359252
2010-04-19,-0.0003228096147354087
2010-04-20,0.006017146558549236
2010-04-21,-0.00034945757798299226
2010-04-22,0.0004872398930679811
2010-04-23,0.004225312686396698
2010-04-26,-0.0014503437191950574
2010-04-27,-0.014881862590936268
2010-04-28,0.0026990741398071894
2010-04-29,0.009820809840710654
2010-04-30,-0.008354046006011084
2010-05-03,0.0062987923971045134
2010-05-04,-0.0164671574684363
2010-05-05,-0.00595330081083334
2010-05-06,-0.018936057199736234
2010-05-07,-0.0070960326796810635
2010-05-10,0.02712751626990273
2010-05-11,-0.0021886361502693186
2010-05-12,0.008296594109040045
2010-05-13,-0.006037261230673829
2010-05-14,-0.010470671470796722
2010-05-17,-0.0007543188726565342
2010-05-18,-0.007922924802997056
2010-05-19,-0.0041817549941346455
2010-05-20,-0.02172704614431986
2010-05-21,0.010139702311813048
2010-05-24,-0.008674695119035403
2010-05-25,-0.001412579092203048
2010-05-26,-0.002483243191022111
2010-05-27,0.021501300735444984
2010-05-28,-0.005644168231990654
2010-06-01,-0.010508674740165258
2010-06-02,0.013774457110204086
2010-06-03,0.001247232781007579
2010-06-04,-0.018700923576269846
2010-06-07,-0.007811851153884497
2010-06-08,0.005461298950991678
2010-06-09,-0.0015473439625938168
2010-06-10,0.015479403467315578
2010-06-11,0.004184915359604968
2010-06-14,0.0010720960145371716
2010-06-15,0.01307857552111269
2010-06-16,-0.0004148991661985235
2010-06-17,0.0019220285582726149
2010-06-18,-9.785400611661554e-05
2010-06-21,-0.0005989432401688477
2010-06-22,-0.008441157517072417
2010-06-23,-0.000622249307061784
2010-06-24,-0.009584272557920825
2010-06-25,0.0050880787863776256
2010-06-28,-0.00204343269052365
2010-06-29,-0.01706723170246427
2010-06-30,-0.005244265076179699
2010-07-01,-0.0011409353704152636
2010-07-02,-0.002816162398482369
2010-07-06,0.004260763072037932
2010-07-07,0.015109397258649793
2010-07-08,0.005675022752296144
2010-07-09,0.00414494978780211
2010-07-12,-0.001454552534531306
2010-07-13,0.009059008566485671
2010-07-14,0.0005741880477461159
2010-07-15,0.00046733499849871407
2010-07-16,-0.016646905336061057
2010-07-19,0.0024390379711780596
2010-07-20,0.006546581611804436
2010-07-21,-0.006197051487388472
2010-07-22,0.013983263275288538
2010-07-23,0.005052602339222112
2010-07-26,0.006413075186086248
2010-07-27,-0.0004528977665828604
2010-07-28,-0.0029281483620815507
2010-07-29,-0.00030930147468444247
2010-07-30,0.0012110984885098652
2010-08-02,0.013475578341205274
2010-08-03,-0.0012088229758004942
2010-08-04,0.0017263059517811374
2010-08-05,-0.0003035475913585328
2010-08-06,-0.0010401350719060343
2010-08-09,0.002526831453968814
2010-08-10,-0.00299594224377997
2010-08-11,-0.018309902109241993
2010-08-12,-0.003501906778209607
2010-08-13,-0.0008736656841490387
2010-08-16,0.0026138733218605825
2010-08-17,0.00614520965178178
2010-08-18,0.0005911565149041564
2010-08-19,-0.009163488679657106
2010-08-20,-0.0030304357190301667
2010-08-23,-0.002633731018504948
2010-08-24,-0.0058815128860185695
2010-08-25,0.0011515089021354452
2010-08-26,-0.0013395147478730829
2010-08-27,0.008222458376788033
2010-08-30,-0.006907768551533966
2010-08-31,0.0020476627857277663
2010-09-01,0.015565993383147125
2010-09-02,0.00375431979619667
2010-09-03,0.006026834161654726
2010-09-07,-0.0057008870404223755
2010-09-08,0.0027050944460871307
2010-09-09,0.0024991557185394253
2010-09-10,0.002272394106818121
2010-09-13,0.010187305538115199
2010-09-14,6.402189972942729e-05
2010-09-15,0.000816874946564905
2010-09-16,-0.0021640520245127526
2010-09-17,-0.0013490464840731908
2010-09-20,0.01041575060931299
2010-09-21,0.0017892007941593402
2010-09-22,-0.002315029237597299
2010-09-23,-0.005506182636874191
2010-09-24,0.011217761047378927
2010-09-27,-0.0015963155501715898
2010-09-28,0.005075424991536348
2010-09-29,-0.0017897397079246202
2010-09-30,-0.0017681478724802524
2010-10-01,0.004635548119312105
2010-10-04,-0.0045468762289069264
2010-10-05,0.01373236222014107
2010-10-06,0.00313344631299306
2010-10-07,-0.001760241616148961
2010-10-08,0.005504756058435145
2010-10-11,0.0001839642254568563
2010-10-12,-0.0002379345650460607
2010-10-13,0.006834763249537579
2010-10-14,6.326248126820033e-05
2010-10-15,-0.002867102983495573
2010-10-18,0.00366850690357734
2010-10-19,-0.009805544784197484
2010-10-20,0.007144431729497969
2010-10-21,-0.0005512864749490642
2010-10-22,0.0012112322410897658
2010-10-25,0.0027378088541925027
2010-10-26,-0.002567410276873905
2010-10-27,-0.004998861638189411
2010-10-28,0.0024485770018567443
2010-10-29,0.0012064708327259588
2010-11-01,0.00011832033396186326
2010-11-02,0.00653565958055613
2010-11-03,0.0023677295936348486
2010-11-04,0.012584059017912042
2010-11-05,0.0004019536877932772
2010-11-08,-0.0016341286389756071
2010-11-09,-0.00799827340795789
2010-11-10,0.0034903884963617404
2010-11-11,-0.0029414096303586046
2010-11-12,-0.009051590108392293
2010-11-15,-0.003380833320975718
2010-11-16,-0.009902887943226801
2010-11-17,0.0013970462627173053
2010-11-18,0.009947830871400942
2010-11-19,0.0017290304793708966
2010-11-22,-0.0010671868248988137
2010-11-23,-0.0103185650672597
2010-11-24,0.007308065853196988
2010-11-26,-0.00575414464532642
2010-11-29,-0.00016386720619598893
2010-11-30,-0.004282250793838593
2010-12-01,0.010961714545099976
2010-12-02,0.008463359529901737
2010-12-03,0.0029585205857194374
2010-12-06,0.000411382047840414
2010-12-07,-0.002230179258131182
2010-12-08,-0.001379214824674846
2010-12-09,0.0015336275160273694
2010-12-10,0.0021241565878293844
2010-12-13,0.0031989152319658043
2010-12-14,-0.0019267729680106926
2010-12-15,-0.003931966840634016
2010-12-16,0.004421490384377114
2010-12-17,0.0016215290914158853
2010-12-20,0.0013113610588599833
2010-12-21,0.0051784550709479404
2010-12-22,0.0020110728964701785
2010-12-23,-0.0018205121676148073
2010-12-27,0.0007073126141383668
2010-12-28,-0.0014152580284864102
2010-12-29,0.004290570977163455
2010-12-30,-0.0010813716621906888
2010-12-31,0.0025724857230426945
2011-01-03,0.005306478101584355
2011-01-04,-0.0007394568562983928
2011-01-05,0.00023435005050798097
2011-01-06,-0.002271731641801833
2011-01-07,-0.001119372706843147
2011-01-10,-4.092640451114349e-05
2011-01-11,0.0030842597066820243
2011-01-12,0.007482562107326007
2011-01-13,-0.00015792603795006244
2011-01-14,0.0029164201774523058
2011-01-18,0.0014856673050951397
2011-01-19,-0.006508696952681969
2011-01-20,-0.0046967081782764986
2011-01-21,0.0014320580154685292
2011-01-24,0.00365387426271524
2011-01-25,0.0008320320858823393
2011-01-26,0.003172572947475416
2011-01-27,0.0014837710216331068
2011-01-28,-0.010686754061922876
2011-01-31,0.00436140829309517
2011-02-01,0.0108659870824106
2011-02-02,-0.002315149946428896
2011-02-03,-0.0004079641641022702
2011-02-04,-0.000915587624727987
2011-02-07,0.0032202017020530604
2011-02-08,0.0012987204483312365
2011-02-09,-0.00226955831786968
2011-02-10,-0.002448324925747758
2011-02-11,0.004564688810929196
2011-02-14,0.0012375512509319453
2011-02-15,-0.001298825284895
2011-02-16,0.004358461010032899
2011-02-17,0.0034636116283242036
2011-02-18,0.0028889434737120467
2011-02-22,-0.011842494421347216
2011-02-23,-0.0019197011142794151
2011-02-24,0.0008553619734690265
2011-02-25,0.007993641289103515
2011-02-28,0.0033105645514808213
2011-03-01,-0.007654372068070403
2011-03-02,0.0012294134869774709
2011-03-03,0.00856603014381263
2011-03-04,-0.001993754281869098
2011-03-07,-0.005769432886838288
2011-03-08,0.005402468785608017
2011-03-09,0.00035096086724273334
2011-03-10,-0.011229354111062073
2011-03-11,0.0026472876071299556
2011-03-14,-0.003754208399956105
2011-03-15,-0.00779496272453839
2011-03-16,-0.009372698219424769
2011-03-17,0.009588641705265966
2011-03-18,0.004137902567612706
2011-03-21,0.008999375635440288
2011-03-22,-0.0023125586669946463
2011-03-23,0.0010888449013641832
2011-03-24,0.005536570788649442
2011-03-25,-0.0010632356004842691
2011-03-28,-0.0014595793456447792
2011-03-29,0.0033671060513229545
2011-03-30,0.00656631093228599
2011-03-31,-0.0004003557159276694
2011-04-01,0.004952457460005499
2011-04-04,0.0021693942560281343
2011-04-05,-0.0008328231399026276
2011-04-06,0.001533190337211332
2011-04-07,-0.0021901087038249667
2011-04-08,-0.00019064708652360984
2011-04-11,-0.002569688001998749
2011-04-12,-0.003147208818798042
2011-04-13,0.001093571514091396
2011-04-14,0.0004278261050527643
2011-04-15,0.004118080053890694
2011-04-18,-0.007853458873228525
2011-04-19,0.0041064958700856025
2011-04-20,0.007826413432622914
2011-04-21,0.0020388481722612983
2011-04-25,4.4161564526135066e-05
2011-04-26,0.005446039453800289
2011-04-27,0.003007351245889911
2011-04-28,0.0024891436781804277
2011-04-29,0.0010778593707050366
2011-05-02,0.0002154039133648311
2011-05-03,-0.003326820954549059
2011-05-04,-0.004198875360072796
2011-05-05,-0.005952770819025233
2011-05-06,0.00216419398001344
2011-05-09,0.003259805229832269
2011-05-10,0.004022261159781992
2011-05-11,-0.00800004706786317
2011-05-12,0.0014749641873752495
2011-05-13,-0.005874148491827547
2011-05-16,-0.001995784680708934
2011-05-17,0.0003697807379821061
2011-05-18,0.004317637161032062
2011-05-19,0.0005148906823897459
2011-05-20,-0.004681250436150752
2011-05-23,-0.007872922595282383
2011-05-24,0.0020428941758654506
2011-05-25,0.00244869746309595
2011-05-26,0.004302802768777925
2011-05-27,0.003585712380905548
2011-05-31,0.006232019890442864
2011-06-01,-0.009746488939552989
2011-06-02,-0.0005989649587447854
2011-06-03,-0.0027784122038767567
2011-06-06,-0.006219002352081948
2011-06-07,0.001957506421012667
2011-06-08,-0.0035061588924206744
2011-06-09,0.003194704591579889
2011-06-10,-0.008145915076861576
2011-06-13,0.00013422837068066684
2011-06-14,0.00632706612208489
2011-06-15,-0.008993517878330692
2011-06-16,-5.6958805810802815e-06
2011-06-17,0.002334151680061902
2011-06-20,0.0008218449319006282
2011-06-21,0.008628410917716156
2011-06-22,-0.004106448151940834
2011-06-23,-0.00017105404670858526
2011-06-24,-0.0033517231562230076
2011-06-27,0.0032423632334881436
2011-06-28,0.004349848129185929
2011-06-29,0.005496411542834423
2011-06-30,0.004415104257201818
2011-07-01,0.006824616413090956
2011-07-05,-0.0008916407851212726
2011-07-06,5.142174270611477e-05
2011-07-07,0.005045930550152011
2011-07-08,-0.0031086491229788127
2011-07-11,-0.009606156890718642
2011-07-12,-0.0014196991839803275
2011-07-13,0.004363110534907788
2011-07-14,-0.006076536171822355
2011-07-15,0.0031211061674982776
2011-07-18,-0.005533725068145423
2011-07-19,0.008619619720035887
2011-07-20,0.0003347330160079487
2011-07-21,0.007282952006006482
2011-07-22,0.0007591369451671603
2011-07-25,-0.0029086908890835206
2011-07-26,-0.0003952143876704284
2011-07-27,-0.010240171503659967
2011-07-28,-0.0003305710053894684
2011-07-29,0.0021267674657294844
2011-08-01,-0.0023142248369618645
2011-08-02,-0.010823380874112498
2011-08-03,4.4413233679430064e-05
2011-08-04,-0.023861340985911528
2011-08-05,-0.0030822012781517305
2011-08-08,-0.030916374251549472
2011-08-09,0.0278879502446443
2011-08-10,-0.017145261142843204
2011-08-11,0.014776057878538973
2011-08-12,0.004222682194120475
2011-08-15,0.009503234020696194
2011-08-16,-0.004501727911086828
2011-08-17,0.002854429513972523
2011-08-18,-0.02281874548330498
2011-08-19,-0.006375335679402405
2011-08-22,0.00028932073860565843
2011-08-23,0.012743544544883134
2011-08-24,-0.00017856851837005916
2011-08-25,-0.006180835167552967
2011-08-26,0.007624668523313893
2011-08-29,0.012075351693550118
2011-08-30,0.0015835265693471268
2011-08-31,0.0031188222521498776
2011-09-01,-0.0030150773504019623
2011-09-02,-0.009227393757177627
2011-09-06,-0.008158950597366155
2011-09-07,0.013155205080964238
2011-09-08,-0.00532829787761635
2011-09-09,-0.012618576606447385
2011-09-12,0.00022765401836544186
2011-09-13,0.002866172160105984
2011-09-14,0.005328366900738457
2011-09-15,0.007611689136137523
2011-09-16,0.00140152495195478
2011-09-19,-0.007443335556111874
2011-09-20,8.260947656268947e-05
2011-09-21,-0.014858447024515109
2011-09-22,-0.015721407631835826
2011-09-23,0.002336493388303884
2011-09-26,0.008679179639966561
2011-09-27,0.007971747048679978
2011-09-28,-0.010499623605226827
2011-09-29,0.005734084184714439
2011-09-30,-0.013637632262704091
2011-10-03,-0.010908662416062254
2011-10-04,0.010702414242792946
2011-10-05,0.0075617830057641555
2011-10-06,0.009815491718155656
2011-10-07,-0.005849652241230685
2011-10-10,0.01408882490480412
2011-10-11,0.0009365048597815839
2011-10-12,0.004858938332013674
2011-10-13,-0.0012591348184153306
2011-10-14,0.00690719285208341
2011-10-17,-0.009323970341082788
2011-10-18,0.011212285956677448
2011-10-19,-0.006803710447348732
2011-10-20,0.0013913306056012598
2011-10-21,0.009353234641189756
2011-10-24,0.009133899019115432
2011-10-25,-0.006615246308065981
2011-10-26,0.005825316214199905
2011-10-27,0.01852387533662725
2011-10-28,-0.0002710115464064078
2011-10-31,-0.013283968912571553
2011-11-01,-0.010111265664867641
2011-11-02,0.00801308356932906
2011-11-03,0.007068145255490377
2011-11-04,-0.00196416811776301
2011-11-07,0.003719569427426128
2011-11-08,0.0038700454748532565
2011-11-09,-0.020324649312837062
2011-11-10,0.004971993360212146
2011-11-11,0.00878579707500049
2011-11-14,-0.005477970861866743
2011-11-15,0.00032646781870648844
2011-11-16,-0.009096901327785067
2011-11-17,-0.006689011295373137
2011-11-18,0.0005673622475050877
2011-11-21,-0.010388478203841922
2011-11-22,-0.0011456722031113475
2011-11-23,-0.00988052111999993
2011-11-25,-0.002518896745486332
2011-11-28,0.016093991493131066
2011-11-29,0.001469545198234723
2011-11-30,0.02078505427224564
2011-12-01,-0.0019209276100013994
2011-12-02,0.0013543424066924103
2011-12-05,0.005571839134610679
2011-12-06,-0.0014073652319913643
2011-12-07,0.0015351384604849194
2011-12-08,-0.012652430787640778
2011-12-09,0.007742512104618848
2011-12-12,-0.008176561656935588
2011-12-13,-0.004287144705198753
2011-12-14,-0.004353082810380937
2011-12-15,0.0016479609451656163
2011-12-16,0.0017955883394285
2011-12-19,-0.0052015097602394755
2011-12-20,0.015285676949946314
2011-12-21,-0.00032835723946855744
2011-12-22,0.004751708902676954
2011-12-23,0.0027942892787957696
2011-12-27,-0.001677992956505503
2011-12-28,-0.0058244122888698735
2011-12-29,0.00534679706078478
2011-12-30,-0.0009143312987535124
2012-01-03,0.008898009833378406
2012-01-04,-0.0005811678357328098
2012-01-05,0.0001694746324187868
2012-01-06,-0.0018087443483705279
2012-01-09,0.002025995900556632
2012-01-10,0.0051772423413993796
2012-01-11,0.0012837074687157557
2012-01-12,0.0010503507073522655
2012-01-13,-0.0023373378914023357
2012-01-17,0.0025736766669859357
2012-01-18,0.006806943512951413
2012-01-19,0.0023189598196944328
2012-01-20,0.00038529360910111166
2012-01-23,0.0004632384308318471
2012-01-24,-0.0005714339171238869
2012-01-25,0.006467854971111686
2012-01-26,-0.0007271789911268423
2012-01-27,0.0012261649869220737
2012-01-30,-0.0025656935985451934
2012-01-31,0.002089208395091635
2012-02-01,0.006337232389044045
2012-02-02,0.0011096582758856055
2012-02-03,0.005304542263065093
2012-02-06,-0.0001532725046526906
2012-02-07,0.00021625193176477708
2012-02-08,0.0016189990252786224
2012-02-09,-0.0009559550559795627
2012-02-10,-0.00457455932466122
2012-02-13,0.004810747263036763
2012-02-14,-0.0019578224050166293
2012-02-15,-0.0006422570670551186
2012-02-16,0.005585394120012133
2012-02-17,0.0007594392402228145
2012-02-21,-0.0007667305469704067
2012-02-22,-0.00036068678400424936
2012-02-23,0.0028710126405071534
2012-02-24,0.0010922619068345352
2012-02-27,1.7839291206467323e-05
2012-02-28,0.002214461232816989
2012-02-29,-0.005064867653473248
2012-03-01,0.003373316202810006
2012-03-02,-0.003021186332861192
2012-03-05,-0.0037323086456049204
2012-03-06,-0.009723378781905323
2012-03-07,0.005264172941408685
2012-03-08,0.006292550506293848
2012-03-09,0.002182534404805647
2012-03-12,-0.0006326576024148212
2012-03-13,0.008680876680500216
2012-03-14,-0.005609494328745024
2012-03-15,0.004257691088297433
2012-03-16,0.001454509441283669
2012-03-19,0.0008142542822882071
2012-03-20,-0.003661126358738498
2012-03-21,-0.0005473093879664326
2012-03-22,-0.0039783028238977725
2012-03-23,0.003683010629142114
2012-03-26,0.006112908411211926
2012-03-27,-0.0013610522767090183
2012-03-28,-0.0033974063674990784
2012-03-29,-0.00102129896197245
2012-03-30,0.0011640051092030035
2012-04-02,0.00597665900319333
2012-04-03,-0.005947811387284285
2012-04-04,-0.007088610697099207
2012-04-05,-0.00047837906424752497
2012-04-09,-0.0037946390559381316
2012-04-10,-0.007695804205163692
2012-04-11,0.005395842196946887
2012-04-12,0.007563096683508963
2012-04-13,-0.005829126757765146
2012-04-16,0.0009455284422617005
2012-04-17,0.007530088192706508
2012-04-18,-0.0027264423213697597
2012-04-19,-0.002950254532570029
2012-04-20,0.0026179470244953595
2012-04-23,-0.005659606310727261
2012-04-24,0.0029326778701390666
2012-04-25,0.005584766803939711
2012-04-26,0.0045311353413932665
2012-04-27,0.0009769071420671072
2012-04-30,-0.0026774986281744573
2012-05-01,0.0029339303934248218
2012-05-02,-0.0017881770671575037
2012-05-03,-0.004409556345087773
2012-05-04,-0.007042333067229567
2012-05-07,0.0013971824443403946
2012-05-08,-0.0028969993377229164
2012-05-09,-0.004027569026191835
2012-05-10,0.0016480037537947023
2012-05-11,-0.0022018492049276084
2012-05-14,-0.005465331264624562
2012-05-15,-0.003369734153430115
2012-05-16,-0.003972184119375055
2012-05-17,-0.0063440679989794635
2012-05-18,-0.002933318300290977
2012-05-21,0.008613017818660307
2012-05-22,-0.0011545045698918566
2012-05-23,-0.0006385602523043543
2012-05-24,-0.0005054241389479408
2012-05-25,-0.0006562495526110101
2012-05-29,0.005387493542937438
2012-05-30,-0.006608752376785154
2012-05-31,0.0018182516343523414
2012-06-01,-0.010644424709613465
2012-06-04,-0.0004715211021432131
2012-06-05,0.0034091626485310833
2012-06-06,0.009941492074145186
2012-06-07,1.796553938682166e-05
2012-06-08,0.002333913353320005
2012-06-11,-0.006211046484178362
2012-06-12,0.005338364350192082
2012-06-13,-0.0027463869087950288
2012-06-14,0.004331630534855302
2012-06-15,0.007304600722808141
2012-06-18,-0.00013796239047036973
2012-06-19,0.005729401470093043
2012-06-20,-0.00040022814169049514
2012-06-21,-0.012436206980751874
2012-06-22,0.002172005534164523
2012-06-25,-0.007272128644591258
2012-06-26,0.0024089458592708723
2012-06-27,0.004991976808323528
2012-06-28,0.0001331926296559427
2012-06-29,0.012993325344428985
2012-07-02,0.0023625809904224138
2012-07-03,0.004789686276724714
2012-07-05,-0.0033576864080779867
2012-07-06,-0.004081716924894341
2012-07-09,-0.0008404848664312903
2012-07-10,-0.003284592639347217
2012-07-11,0.00043237709884991204
2012-07-12,-0.0027558791964937823
2012-07-13,0.00754640894428138
2012-07-16,-0.00040792004798928527
2012-07-17,0.002533632096688221
2012-07-18,0.0029098596807961563
2012-07-19,0.0014663501036327187
2012-07-20,-0.005144402732493614
2012-07-23,-0.006758739715127415
2012-07-24,-0.004295817508321753
2012-07-25,0.0008344164125164699
2012-07-26,0.008418133522099414
2012-07-27,0.008661338724842205
2012-07-30,0.0001949389392930101
2012-07-31,-0.0016546375661867785
2012-08-01,-0.0014270396301464539
2012-08-02,-0.004234672786825766
2012-08-03,0.010928884996325605
2012-08-06,0.00214028578240133
2012-08-07,0.0022227418267208865
2012-08-08,-0.00016248793347550805
2012-08-09,0.00028684047136673385
2012-08-10,0.0009669518968111745
2012-08-13,-0.0016499985939968376
2012-08-14,-0.001298271306485077
2012-08-15,-0.0018244320423800309
2012-08-16,0.0035974349835632413
2012-08-17,0.001119584060917278
2012-08-20,-0.0002925219113908417
2012-08-21,0.0003140613498453515
2012-08-22,0.0016261418562981689
2012-08-23,-0.0023233215543040364
2012-08-24,0.0013838954602374276
2012-08-27,0.00045414800454035564
2012-08-28,0.0005967222721388055
2012-08-29,-0.0008838193373251757
2012-08-30,-0.004720987288373002
2012-08-31,0.004547124914965117
2012-09-04,-0.0011317498309300067
2012-09-05,0.00011921088853417139
2012-09-06,0.008574607906142395
2012-09-07,0.005438942377326006
2012-09-10,-0.0024713931851623183
2012-09-11,0.0027196418664849897
2012-09-12,0.0008672001309395494
2012-09-13,0.010329382107685081
2012-09-14,0.00433621417486707
2012-09-17,-0.003338206487089379
2012-09-18,-0.0016303059685786048
2012-09-19,0.001137122523195755
2012-09-20,-0.002427096186076727
2012-09-21,0.0004583334610195333
2012-09-24,-0.0009518401660213449
2012-09-25,-0.004831550664829765
2012-09-26,-0.0026734077695400593
2012-09-27,0.0050024107033397325
2012-09-28,-0.00399169791050813
2012-10-01,0.0025479590420278697
2012-10-02,0.002233318428874753
2012-10-03,0.0004432805545786511
2012-10-04,0.005093014299889953
2012-10-05,-0.0005282008050140341
2012-10-08,-0.0013211442304525978
2012-10-09,-0.005645751708089564
2012-10-10,-0.0027734859730347283
2012-10-11,0.001670824210159072
2012-10-12,-0.002390077699209958
2012-10-15,0.0037695547615059777
2012-10-16,0.004163388463586326
2012-10-17,0.0028550608451551884
2012-10-18,-0.0006984082953285231
2012-10-19,-0.006722879216191302
2012-10-22,0.0005188571650753815
2012-10-23,-0.006725856195505919
2012-10-24,-0.0012513219824310529
2012-10-25,0.0013468330464678768
2012-10-26,0.00025718121637519076
2012-10-31,0.0020922749768068627
2012-11-01,0.005064163346867989
2012-11-02,-0.0046795090779578885
2012-11-05,0.001075694769332225
2012-11-06,0.003448423233386899
2012-11-07,-0.008565283903737675
2012-11-08,-0.0038423293399922898
2012-11-09,-0.0007729602453706574
2012-11-12,0.000731147380000019
2012-11-13,-0.0025865660747231844
2012-11-14,-0.006729579282237053
2012-11-15,-0.0005251150350883416
2012-11-16,0.0020826922258014857
2012-11-19,0.008810424288427043
2012-11-20,-0.0003181905327217516
2012-11-21,0.0002580930838833595
2012-11-23,0.00688033391774745
2012-11-26,0.0001302701153105268
2012-11-27,-0.002449305613615116
2012-11-28,0.004247231894431769
2012-11-29,0.003658018080612946
2012-11-30,0.0006121839845509847
2012-12-03,-0.00017407355498033628
2012-12-04,0.00017080065938324118
2012-12-05,0.0024443487335161773
2012-12-06,0.002174811149608269
2012-12-07,0.0010008457008012783
2012-12-10,0.0013036455237813716
2012-12-11,0.0018704985459887524
2012-12-12,-0.00016803272785148593
2012-12-13,-0.0031922638935586445
2012-12-14,0.00024736732043240117
2012-12-17,0.0036122647116241247
2012-12-18,0.004526439913544955
2012-12-19,-0.0011535826478535904
2012-12-20,0.0033849262104657107
2012-12-21,-0.0033348670636922373
2012-12-24,-0.0017979223115679455
2012-12-26,-0.0010463676117654641
2012-12-27,0.0007208091420121132
2012-12-28,-0.0045880445031203365
2012-12-31,0.006469258751159224
2013-01-02,0.01073045643780679
2013-01-03,-0.0036937827157766945
2013-01-04,0.0027096163569695353
2013-01-07,-0.0010544522784550203
2013-01-08,-0.0017413714150471549
2013-01-09,0.0023833684561183066
2013-01-10,0.0038605889716831765
2013-01-11,-8.919957318442862e-06
2013-01-14,0.0004927142468493795
2013-01-15,0.0007080197283526601
2013-01-16,-0.0009371667982962517
2013-01-17,0.0029935930412181566
2013-01-18,0.0016513170036589475
2013-01-22,0.002310415743725036
2013-01-23,-0.0002514203379518909
2013-01-24,0.001178738056797357
2013-01-25,0.0017325198956925636
2013-01-28,-0.0014042909235720824
2013-01-29,0.0022514836824389928
2013-01-30,-0.001543231457798222
2013-01-31,0.0002962255212664022
2013-02-01,0.0031504045934009905
2013-02-04,-0.004431274800613227
2013-02-05,0.002835399530589422
2013-02-06,0.0009987731036600334
2013-02-07,-0.0022780812251534943
2013-02-08,0.0028232460424604255
2013-02-11,-0.0004956000708322694
2013-02-12,0.0018560583647695417
2013-02-13,0.00021789004675709656
2013-02-14,0.00030818509532215543
2013-02-15,-0.0016900973612001824
2013-02-19,0.00392581556979299
2013-02-20,-0.006325622889309379
2013-02-21,-0.004224060878983638
2013-02-22,0.005812794095191531
2013-02-25,-0.008739539139008823
2013-02-26,0.0026379459226124613
2013-02-27,0.006296743407430139
2013-02-28,-0.00013865736657325822
2013-03-01,0.001965888700760088
2013-03-04,0.0006819011197098934
2013-03-05,0.004839098687290377
2013-03-06,0.0005888913323708334
2013-03-07,0.0003171542622661949
2013-03-08,0.0018009589313467966
2013-03-11,0.0009406861736738215
2013-03-12,-0.001087249280734448
2013-03-13,0.00021156467372995813
2013-03-14,0.004145993762094458
2013-03-15,-4.088545537150878e-05
2013-03-18,-0.0031103117292727855
2013-03-19,-0.0014218254902744754
2013-03-20,0.0026145782148556673
2013-03-21,-0.0041126462224352345
2013-03-22,0.003481856005810746
2013-03-25,-0.0024230746917066615
2013-03-26,0.003834448619075781
2013-03-27,0.0005580923580439379
2013-03-28,0.0014485140877804614
2013-04-01,-0.003566608369463764
2013-04-02,0.0016557475620877504
2013-04-03,-0.004498616492218721
2013-04-04,0.004186673949744701
2013-04-05,-0.0003219228315478606
2013-04-08,0.0016266257786832217
2013-04-09,0.0015613042379105657
2013-04-10,0.004857076395200721
2013-04-11,0.002934027704725839
2013-04-12,-0.001162230409956777
2013-04-15,-0.01246214946762303
2013-04-16,0.00693086790866948
2013-04-17,-0.008552713474425433
2013-04-18,-0.003873514675631573
2013-04-19,0.005530317580960675
2013-04-22,0.0025777892670655334
2013-04-23,0.0059419051345632745
2013-04-24,0.0028299893751613237
2013-04-25,0.0025569020953146726
2013-04-26,-0.0002176079385608487
2013-04-29,0.003558988121816098
2013-04-30,0.0017226240801282433
2013-05-01,-0.005300456480068605
2013-05-02,0.0037700208548321346
2013-05-03,0.003786496868655842
2013-05-06,0.0008164904275984597
2013-05-07,0.0026583060675564596
2013-05-08,0.002649006781880292
2013-05-09,-0.003050237225123098
